"CR213194","Brazil",542.48
"CR213195","Brazil",608.67
"CR213196","Brazil",532.17
"CR213197","Brazil",490.35
"CR214192","Brazil",783.81
"CR214193","Brazil",582.78
"CR214194","Brazil",583.31
"CR214195","Brazil",587.72
"CR214196","Brazil",556.93
"CR214197","Brazil",482.16
"CR214198","Brazil",405.82
"CR214199","Brazil",537.6
"CR215191","Brazil",618.17
"CR215192","Brazil",643.4
"CR215193","Brazil",624.57
"CR215194","Brazil",612.26
"CR215195","Brazil",727.93
"CR215196","Brazil",545.13
"CR215197","Brazil",481.66
"CR215198","Brazil",456.67
"CR215199","Brazil",495.21
"CR216190","Brazil",588.45
"CR216191","Brazil",626.69
"CR216192","Brazil",614.07
"CR216193","Brazil",612.81
"CR216194","Brazil",607.35
"CR216195","Brazil",586.41
"CR216196","Brazil",571.73
"CR216197","Brazil",513.69
"CR216198","Brazil",505.17
"CR216199","Brazil",522.22
"CR216200","Brazil",510.91
"CR217190","Brazil",544.35
"CR217191","Brazil",594.18
"CR217192","Brazil",631.6
"CR217193","Brazil",618.69
"CR217194","Brazil",612.17
"CR217195","Brazil",589.56
"CR217196","Brazil",580.89
"CR217197","Brazil",552.59
"CR217198","Brazil",543.22
"CR217199","Brazil",529.01
"CR217200","Brazil",508.4
"CR218189","Brazil",399.59
"CR218190","Brazil",590.17
"CR218191","Brazil",617.69
"CR218192","Brazil",628.92
"CR218193","Brazil",635.64
"CR218194","Brazil",588.67
"CR218195","Brazil",626.52
"CR218196","Brazil",662.35
"CR218197","Brazil",568.42
"CR218198","Brazil",532.05
"CR218199","Brazil",512.3
"CR218200","Brazil",494.29
"CR219189","Brazil",504.18
"CR219190","Brazil",596.04
"CR219191","Brazil",614.33
"CR219192","Brazil",639.18
"CR219193","Brazil",639.39
"CR219194","Brazil",633.25
"CR219195","Brazil",641.45
"CR219196","Brazil",628.41
"CR219197","Brazil",561.24
"CR219198","Brazil",499.48
"CR219199","Brazil",486.12
"CR219200","Brazil",480.26
"CR219201","Brazil",443.07
"CR219202","Brazil",450.62
"CR220180","Brazil",325.22
"CR220181","Brazil",273.21
"CR220189","Brazil",482.81
"CR220190","Brazil",548.12
"CR220191","Brazil",599.08
"CR220192","Brazil",673.33
"CR220193","Brazil",733.19
"CR220194","Brazil",648.1
"CR220195","Brazil",621.05
"CR220196","Brazil",583.08
"CR220197","Brazil",544.63
"CR220198","Brazil",498.43
"CR220199","Brazil",440.96
"CR220200","Brazil",435.32
"CR220201","Brazil",435.51
"CR220202","Brazil",430.31
"CR220203","Brazil",291.8
"CR221177","Brazil",453.95
"CR221178","Brazil",444.84
"CR221179","Brazil",550.6
"CR221180","Brazil",606.06
"CR221181","Brazil",555.09
"CR221182","Brazil",582.35
"CR221185","Brazil",536.87
"CR221186","Brazil",540.19
"CR221187","Brazil",674.66
"CR221188","Brazil",697.39
"CR221189","Brazil",621.96
"CR221190","Brazil",599.2
"CR221191","Brazil",643.68
"CR221192","Brazil",664.49
"CR221193","Brazil",633.21
"CR221194","Brazil",564.97
"CR221195","Brazil",582.32
"CR221196","Brazil",595.45
"CR221197","Brazil",520.17
"CR221198","Brazil",460.89
"CR221199","Brazil",420.85
"CR221200","Brazil",419.35
"CR221201","Brazil",423.03
"CR221202","Brazil",419.59
"CR222177","Brazil",376.16
"CR222178","Brazil",392.02
"CR222179","Brazil",407.53
"CR222180","Brazil",506.82
"CR222181","Brazil",518.28
"CR222182","Brazil",537.61
"CR222183","Brazil",564.76
"CR222184","Brazil",583.81
"CR222185","Brazil",592.76
"CR222186","Brazil",610.47
"CR222187","Brazil",524.38
"CR222188","Brazil",581.56
"CR222189","Brazil",580.48
"CR222190","Brazil",639.96
"CR222191","Brazil",604.33
"CR222192","Brazil",622.41
"CR222193","Brazil",632.38
"CR222194","Brazil",614.69
"CR222195","Brazil",617.87
"CR222196","Brazil",596.28
"CR222197","Brazil",501.31
"CR222198","Brazil",453.18
"CR222199","Brazil",410.37
"CR222200","Brazil",440.35
"CR222201","Brazil",441.16
"CR222202","Brazil",508.03
"CR223177","Brazil",523.1
"CR223178","Brazil",355.97
"CR223179","Brazil",380.4
"CR223180","Brazil",356.93
"CR223181","Brazil",396.67
"CR223182","Brazil",498.61
"CR223183","Brazil",570.5
"CR223184","Brazil",581.05
"CR223185","Brazil",591.64
"CR223186","Brazil",567.64
"CR223187","Brazil",455.45
"CR223188","Brazil",648.93
"CR223189","Brazil",678.15
"CR223190","Brazil",666.78
"CR223191","Brazil",656.32
"CR223192","Brazil",715.65
"CR223193","Brazil",690.48
"CR223194","Brazil",664.91
"CR223195","Brazil",689.58
"CR223196","Brazil",656.93
"CR223197","Brazil",585.06
"CR223198","Brazil",475.3
"CR223199","Brazil",499.89
"CR223200","Brazil",444.53
"CR223201","Brazil",425.89
"CR223202","Brazil",503.13
"CR223203","Brazil",709.37
"CR224177","Brazil",559.49
"CR224178","Brazil",364.98
"CR224179","Brazil",353.75
"CR224180","Brazil",328.53
"CR224181","Brazil",404.16
"CR224182","Brazil",472.56
"CR224183","Brazil",557.86
"CR224184","Brazil",525.21
"CR224185","Brazil",631.67
"CR224186","Brazil",634.58
"CR224187","Brazil",440.56
"CR224188","Brazil",667.39
"CR224189","Brazil",669.72
"CR224190","Brazil",616.15
"CR224191","Brazil",674.03
"CR224192","Brazil",704.15
"CR224193","Brazil",642.4
"CR224194","Brazil",703.85
"CR224195","Brazil",709.62
"CR224196","Brazil",709.07
"CR224197","Brazil",656.63
"CR224198","Brazil",579.08
"CR224199","Brazil",501.83
"CR224200","Brazil",488.78
"CR224201","Brazil",419.49
"CR224202","Brazil",591.78
"CR225176","Brazil",499.05
"CR225177","Brazil",589.55
"CR225178","Brazil",452.6
"CR225179","Brazil",374.78
"CR225180","Brazil",385.01
"CR225181","Brazil",438.67
"CR225182","Brazil",464.14
"CR225183","Brazil",492.48
"CR225184","Brazil",520.42
"CR225185","Brazil",658.29
"CR225186","Brazil",588.82
"CR225187","Brazil",532.44
"CR225188","Brazil",562.04
"CR225189","Brazil",578.28
"CR225190","Brazil",664.67
"CR225191","Brazil",673.42
"CR225192","Brazil",596.45
"CR225193","Brazil",632.92
"CR225194","Brazil",702.49
"CR225195","Brazil",716.01
"CR225196","Brazil",713.9
"CR225197","Brazil",698.59
"CR225198","Brazil",591.95
"CR225199","Brazil",521.14
"CR225200","Brazil",462.09
"CR225201","Brazil",491.16
"CR225202","Brazil",438.95
"CR226176","Brazil",552.47
"CR226177","Brazil",455.09
"CR226178","Brazil",492.68
"CR226179","Brazil",438.46
"CR226180","Brazil",557.3
"CR226181","Brazil",473.41
"CR226182","Brazil",461.33
"CR226183","Brazil",494.46
"CR226184","Brazil",530.28
"CR226185","Brazil",491.94
"CR226186","Brazil",320.98
"CR226187","Brazil",458
"CR226188","Brazil",566.46
"CR226189","Brazil",596.79
"CR226190","Brazil",649.41
"CR226191","Brazil",544.27
"CR226192","Brazil",698.34
"CR226193","Brazil",695.39
"CR226194","Brazil",714.66
"CR226195","Brazil",733.31
"CR226196","Brazil",657.41
"CR226197","Brazil",640.7
"CR226198","Brazil",542.59
"CR226199","Brazil",549.73
"CR226200","Brazil",493.26
"CR226201","Brazil",511.83
"CR227178","Brazil",497.95
"CR227179","Brazil",505.6
"CR227180","Brazil",616.57
"CR227181","Brazil",656.62
"CR227182","Brazil",583.84
"CR227183","Brazil",596.51
"CR227184","Brazil",472.81
"CR227185","Brazil",388.51
"CR227186","Brazil",503.81
"CR227187","Brazil",647.84
"CR227188","Brazil",675.53
"CR227189","Brazil",588.97
"CR227190","Brazil",510.16
"CR227191","Brazil",663.43
"CR227192","Brazil",695.34
"CR227193","Brazil",704.53
"CR227194","Brazil",705.43
"CR227195","Brazil",742.09
"CR227196","Brazil",642.71
"CR227197","Brazil",729.37
"CR227198","Brazil",597.74
"CR227199","Brazil",581.09
"CR227200","Brazil",473.88
"CR227201","Brazil",430.69
"CR228179","Brazil",559.86
"CR228180","Brazil",518.32
"CR228181","Brazil",520.21
"CR228182","Brazil",554.44
"CR228183","Brazil",635.45
"CR228184","Brazil",448.05
"CR228185","Brazil",274.01
"CR228186","Brazil",539.22
"CR228187","Brazil",450.2
"CR228188","Brazil",464.12
"CR228189","Brazil",572.56
"CR228190","Brazil",678.19
"CR228191","Brazil",656.43
"CR228192","Brazil",694.3
"CR228193","Brazil",710.98
"CR228194","Brazil",692.09
"CR228195","Brazil",742.7
"CR228196","Brazil",607.66
"CR228197","Brazil",719.2
"CR228198","Brazil",566.92
"CR228199","Brazil",537.66
"CR228200","Brazil",505.4
"CR229179","Brazil",608.02
"CR229180","Brazil",596.97
"CR229181","Brazil",533.63
"CR229182","Brazil",541.9
"CR229183","Brazil",660.82
"CR229184","Brazil",362.96
"CR229185","Brazil",208.79
"CR229186","Brazil",402.01
"CR229187","Brazil",601.03
"CR229188","Brazil",650.64
"CR229189","Brazil",649.56
"CR229190","Brazil",601.35
"CR229191","Brazil",655.68
"CR229192","Brazil",661.68
"CR229193","Brazil",660.77
"CR229194","Brazil",721.63
"CR229195","Brazil",735.1
"CR229196","Brazil",605.18
"CR229197","Brazil",687.17
"CR229198","Brazil",582.05
"CR229199","Brazil",526.97
"CR229200","Brazil",489.21
"CR230178","Brazil",465.2
"CR230179","Brazil",607.25
"CR230180","Brazil",560.25
"CR230181","Brazil",534.6
"CR230182","Brazil",577.56
"CR230183","Brazil",541.62
"CR230184","Brazil",634.02
"CR230185","Brazil",241.75
"CR230186","Brazil",246.81
"CR230187","Brazil",625.06
"CR230188","Brazil",583.56
"CR230189","Brazil",567.47
"CR230190","Brazil",621.36
"CR230191","Brazil",627.45
"CR230192","Brazil",637.06
"CR230193","Brazil",640.78
"CR230194","Brazil",669.8
"CR230195","Brazil",626.66
"CR230196","Brazil",549.49
"CR230197","Brazil",591.63
"CR230198","Brazil",617.07
"CR230199","Brazil",564.95
"CR230200","Brazil",499.53
"CR230201","Brazil",469.21
"CR230202","Brazil",375.81
"CR230203","Brazil",328.83
"CR230204","Brazil",352.04
"CR231172","Brazil",495.73
"CR231173","Brazil",336.16
"CR231178","Brazil",573.72
"CR231179","Brazil",548.11
"CR231180","Brazil",574.54
"CR231181","Brazil",518.53
"CR231182","Brazil",471.99
"CR231183","Brazil",561.05
"CR231184","Brazil",554.35
"CR231185","Brazil",472.71
"CR231186","Brazil",267.03
"CR231187","Brazil",459.6
"CR231188","Brazil",616.07
"CR231189","Brazil",639.41
"CR231190","Brazil",608.72
"CR231191","Brazil",587.17
"CR231192","Brazil",561.53
"CR231193","Brazil",565.84
"CR231194","Brazil",577.37
"CR231195","Brazil",484.85
"CR231196","Brazil",531.4
"CR231197","Brazil",626.54
"CR231198","Brazil",529.91
"CR231199","Brazil",490.93
"CR231200","Brazil",476.67
"CR231201","Brazil",497.47
"CR231202","Brazil",433.38
"CR231203","Brazil",440.59
"CR231204","Brazil",405.49
"CR231205","Brazil",325
"CR232172","Brazil",446.32
"CR232173","Brazil",495.75
"CR232174","Brazil",334.92
"CR232175","Brazil",172.85
"CR232177","Brazil",481.68
"CR232178","Brazil",558.24
"CR232179","Brazil",720.22
"CR232180","Brazil",577.4
"CR232181","Brazil",455.97
"CR232182","Brazil",441.43
"CR232183","Brazil",661.33
"CR232184","Brazil",643.16
"CR232185","Brazil",544.77
"CR232186","Brazil",496.21
"CR232187","Brazil",297.7
"CR232188","Brazil",600.74
"CR232189","Brazil",584.85
"CR232190","Brazil",603.18
"CR232191","Brazil",601.93
"CR232192","Brazil",480.4
"CR232193","Brazil",563.89
"CR232194","Brazil",555.35
"CR232195","Brazil",504.56
"CR232196","Brazil",451.69
"CR232197","Brazil",528.59
"CR232198","Brazil",478.18
"CR232199","Brazil",460.11
"CR232200","Brazil",449.02
"CR232201","Brazil",428.11
"CR232202","Brazil",464.45
"CR232203","Brazil",453.04
"CR232204","Brazil",425.26
"CR232205","Brazil",416.78
"CR233173","Brazil",509.92
"CR233174","Brazil",460.65
"CR233175","Brazil",403.17
"CR233176","Brazil",433.77
"CR233177","Brazil",507.24
"CR233178","Brazil",527.77
"CR233179","Brazil",671.15
"CR233180","Brazil",547.09
"CR233181","Brazil",511.99
"CR233182","Brazil",387.53
"CR233183","Brazil",791.18
"CR233184","Brazil",649.48
"CR233185","Brazil",571.51
"CR233186","Brazil",538.57
"CR233187","Brazil",519.51
"CR233188","Brazil",422.35
"CR233189","Brazil",514.78
"CR233190","Brazil",538.93
"CR233191","Brazil",603.93
"CR233192","Brazil",470.37
"CR233193","Brazil",599.07
"CR233194","Brazil",621.25
"CR233195","Brazil",496.97
"CR233196","Brazil",462.63
"CR233197","Brazil",420.53
"CR233198","Brazil",416.63
"CR233199","Brazil",444.45
"CR233200","Brazil",422.78
"CR233201","Brazil",422.33
"CR233202","Brazil",414.99
"CR233203","Brazil",458.58
"CR233204","Brazil",437.55
"CR233205","Brazil",405.61
"CR233206","Brazil",124.8
"CR234173","Brazil",501.76
"CR234174","Brazil",478.57
"CR234175","Brazil",475.73
"CR234176","Brazil",508.82
"CR234177","Brazil",538.05
"CR234178","Brazil",540.23
"CR234179","Brazil",522.74
"CR234180","Brazil",352.97
"CR234181","Brazil",367.6
"CR234182","Brazil",338.86
"CR234183","Brazil",723.85
"CR234184","Brazil",602.52
"CR234185","Brazil",595.04
"CR234186","Brazil",547.5
"CR234187","Brazil",545.2
"CR234188","Brazil",506.88
"CR234189","Brazil",533.52
"CR234190","Brazil",600.45
"CR234191","Brazil",470.45
"CR234192","Brazil",463.07
"CR234193","Brazil",562.34
"CR234194","Brazil",558.84
"CR234195","Brazil",426.9
"CR234196","Brazil",406.53
"CR234197","Brazil",423.08
"CR234198","Brazil",428.63
"CR234199","Brazil",439.93
"CR234200","Brazil",415.52
"CR234201","Brazil",418.59
"CR234202","Brazil",487.79
"CR234203","Brazil",462.17
"CR234204","Brazil",417.37
"CR234205","Brazil",346.66
"CR234206","Brazil",168.06
"CR235172","Brazil",380.05
"CR235173","Brazil",491.55
"CR235174","Brazil",447.44
"CR235175","Brazil",445.39
"CR235176","Brazil",466.33
"CR235177","Brazil",547.18
"CR235178","Brazil",549.93
"CR235179","Brazil",397.19
"CR235180","Brazil",234.12
"CR235181","Brazil",454.61
"CR235182","Brazil",358.54
"CR235183","Brazil",684.06
"CR235184","Brazil",571.4
"CR235185","Brazil",552.05
"CR235186","Brazil",528.84
"CR235187","Brazil",541.41
"CR235188","Brazil",340.62
"CR235189","Brazil",592.48
"CR235190","Brazil",435.49
"CR235191","Brazil",424.81
"CR235192","Brazil",547.53
"CR235193","Brazil",589.83
"CR235194","Brazil",495.24
"CR235195","Brazil",451.47
"CR235196","Brazil",484.29
"CR235197","Brazil",519.85
"CR235198","Brazil",527.58
"CR235199","Brazil",497.86
"CR235200","Brazil",422.77
"CR235201","Brazil",461.29
"CR235202","Brazil",456.8
"CR235203","Brazil",438.37
"CR235204","Brazil",443.64
"CR235205","Brazil",390.39
"CR235206","Brazil",249.79
"CR235207","Brazil",111.85
"CR236172","Brazil",491.66
"CR236173","Brazil",437.77
"CR236174","Brazil",381.2
"CR236175","Brazil",389.85
"CR236176","Brazil",458.27
"CR236177","Brazil",523.76
"CR236178","Brazil",467.09
"CR236179","Brazil",342.15
"CR236180","Brazil",213.08
"CR236181","Brazil",478.49
"CR236182","Brazil",481.15
"CR236183","Brazil",394.78
"CR236184","Brazil",499.12
"CR236185","Brazil",557.67
"CR236186","Brazil",541.1
"CR236187","Brazil",566.05
"CR236188","Brazil",373.6
"CR236189","Brazil",315.04
"CR236190","Brazil",379.16
"CR236191","Brazil",577.35
"CR236192","Brazil",606.68
"CR236193","Brazil",504.88
"CR236194","Brazil",513.37
"CR236195","Brazil",585.24
"CR236196","Brazil",612.22
"CR236197","Brazil",609.45
"CR236198","Brazil",473.47
"CR236199","Brazil",484.13
"CR236200","Brazil",427.42
"CR236201","Brazil",408.26
"CR236202","Brazil",441.15
"CR236203","Brazil",405.53
"CR236204","Brazil",400.91
"CR236205","Brazil",453.04
"CR236206","Brazil",346.71
"CR236207","Brazil",216.65
"CR237172","Brazil",419.72
"CR237173","Brazil",339.09
"CR237174","Brazil",318.63
"CR237175","Brazil",324.53
"CR237176","Brazil",356.4
"CR237177","Brazil",424.23
"CR237178","Brazil",283.04
"CR237179","Brazil",311.56
"CR237180","Brazil",308.91
"CR237181","Brazil",523.06
"CR237182","Brazil",487.05
"CR237183","Brazil",453.18
"CR237184","Brazil",460.32
"CR237185","Brazil",508.89
"CR237186","Brazil",505.71
"CR237187","Brazil",506.69
"CR237188","Brazil",366.73
"CR237189","Brazil",298.54
"CR237190","Brazil",529.07
"CR237191","Brazil",604.69
"CR237192","Brazil",576.02
"CR237193","Brazil",564.69
"CR237194","Brazil",606.23
"CR237195","Brazil",651.91
"CR237196","Brazil",647.07
"CR237197","Brazil",466.11
"CR237198","Brazil",428.44
"CR237199","Brazil",472.14
"CR237200","Brazil",519.34
"CR237201","Brazil",495.73
"CR237202","Brazil",466.98
"CR237203","Brazil",422.74
"CR237204","Brazil",405.14
"CR237205","Brazil",395.13
"CR237206","Brazil",381.61
"CR237207","Brazil",131.8
"CR238172","Brazil",384.16
"CR238173","Brazil",103.25
"CR238174","Brazil",180.25
"CR238175","Brazil",235.07
"CR238176","Brazil",304.86
"CR238177","Brazil",269.91
"CR238178","Brazil",248.8
"CR238179","Brazil",334.4
"CR238180","Brazil",265.46
"CR238181","Brazil",435.78
"CR238182","Brazil",458.03
"CR238183","Brazil",515.53
"CR238184","Brazil",481.46
"CR238185","Brazil",568.23
"CR238186","Brazil",573.94
"CR238187","Brazil",400.77
"CR238188","Brazil",360.43
"CR238189","Brazil",489.97
"CR238190","Brazil",512.12
"CR238191","Brazil",574.87
"CR238192","Brazil",558.33
"CR238193","Brazil",623.45
"CR238194","Brazil",595.1
"CR238195","Brazil",674.09
"CR238196","Brazil",642.31
"CR238197","Brazil",588.28
"CR238198","Brazil",531.75
"CR238199","Brazil",501.1
"CR238200","Brazil",539.61
"CR238201","Brazil",473.8
"CR238202","Brazil",428.14
"CR238203","Brazil",382.44
"CR238204","Brazil",356.37
"CR238205","Brazil",330.13
"CR238206","Brazil",304
"CR238207","Brazil",229.08
"CR238208","Brazil",193.28
"CR239170","Brazil",374.16
"CR239171","Brazil",130.24
"CR239172","Brazil",111.19
"CR239173","Brazil",37.41
"CR239174","Brazil",63.59
"CR239175","Brazil",158.06
"CR239176","Brazil",406.52
"CR239177","Brazil",378.71
"CR239178","Brazil",312.65
"CR239179","Brazil",367.75
"CR239180","Brazil",360.69
"CR239181","Brazil",491.9
"CR239182","Brazil",538.66
"CR239183","Brazil",635.95
"CR239184","Brazil",595.61
"CR239185","Brazil",537.91
"CR239186","Brazil",709.72
"CR239187","Brazil",381.33
"CR239188","Brazil",359.53
"CR239189","Brazil",464.2
"CR239190","Brazil",455.91
"CR239191","Brazil",533.43
"CR239192","Brazil",559.27
"CR239193","Brazil",617.43
"CR239194","Brazil",648.72
"CR239195","Brazil",657.69
"CR239196","Brazil",668.56
"CR239197","Brazil",656.01
"CR239198","Brazil",567.91
"CR239199","Brazil",499.4
"CR239200","Brazil",501.4
"CR239201","Brazil",451.8
"CR239202","Brazil",421.49
"CR239203","Brazil",416.64
"CR239204","Brazil",377.6
"CR239205","Brazil",309.49
"CR239206","Brazil",312.14
"CR239207","Brazil",299.29
"CR239208","Brazil",257.63
"CR239211","Brazil",72.95
"CR240170","Brazil",429.72
"CR240171","Brazil",107.03
"CR240172","Brazil",66.15
"CR240173","Brazil",36.42
"CR240174","Brazil",76.28
"CR240175","Brazil",279.67
"CR240176","Brazil",325.25
"CR240177","Brazil",381.21
"CR240178","Brazil",449.7
"CR240179","Brazil",544.32
"CR240180","Brazil",627.79
"CR240181","Brazil",645.44
"CR240182","Brazil",642.5
"CR240183","Brazil",541.21
"CR240184","Brazil",595.47
"CR240185","Brazil",658.73
"CR240186","Brazil",574.85
"CR240187","Brazil",470.44
"CR240188","Brazil",483.45
"CR240189","Brazil",476.36
"CR240190","Brazil",511.09
"CR240191","Brazil",581.94
"CR240192","Brazil",604.72
"CR240193","Brazil",621.73
"CR240194","Brazil",658.89
"CR240195","Brazil",652.71
"CR240196","Brazil",691.09
"CR240197","Brazil",660.15
"CR240198","Brazil",627.28
"CR240199","Brazil",482.95
"CR240200","Brazil",477.45
"CR240201","Brazil",487.79
"CR240202","Brazil",483.87
"CR240203","Brazil",449.11
"CR240204","Brazil",433.96
"CR240205","Brazil",367.3
"CR240206","Brazil",335.79
"CR240207","Brazil",311.53
"CR240208","Brazil",315.8
"CR240209","Brazil",282.18
"CR240210","Brazil",275.03
"CR240211","Brazil",219.14
"CR240212","Brazil",229.64
"CR240213","Brazil",158.53
"CR241172","Brazil",118.1
"CR241173","Brazil",47.02
"CR241174","Brazil",36.59
"CR241175","Brazil",37.55
"CR241176","Brazil",203.85
"CR241177","Brazil",521.88
"CR241178","Brazil",509.04
"CR241179","Brazil",573.84
"CR241180","Brazil",663.42
"CR241181","Brazil",687.68
"CR241182","Brazil",674.6
"CR241183","Brazil",540.58
"CR241184","Brazil",432.74
"CR241185","Brazil",680.22
"CR241186","Brazil",626.8
"CR241187","Brazil",400.49
"CR241188","Brazil",423.05
"CR241189","Brazil",505.03
"CR241190","Brazil",530.22
"CR241191","Brazil",612.53
"CR241192","Brazil",614.18
"CR241193","Brazil",647.36
"CR241194","Brazil",633.53
"CR241195","Brazil",555.4
"CR241196","Brazil",660.24
"CR241197","Brazil",638
"CR241198","Brazil",606.17
"CR241199","Brazil",480.81
"CR241200","Brazil",480.81
"CR241201","Brazil",509.64
"CR241202","Brazil",495.78
"CR241203","Brazil",446.84
"CR241204","Brazil",330.24
"CR241205","Brazil",249.09
"CR241206","Brazil",231.37
"CR241207","Brazil",258.84
"CR241208","Brazil",289.41
"CR241209","Brazil",288.41
"CR241210","Brazil",248.89
"CR241211","Brazil",264.17
"CR241212","Brazil",243.84
"CR241213","Brazil",248.19
"CR242177","Brazil",651.5
"CR242178","Brazil",597.47
"CR242179","Brazil",593.66
"CR242180","Brazil",677.92
"CR242181","Brazil",689.55
"CR242182","Brazil",688.76
"CR242183","Brazil",700.35
"CR242184","Brazil",686.42
"CR242185","Brazil",628.74
"CR242186","Brazil",599.28
"CR242187","Brazil",376.54
"CR242188","Brazil",426.44
"CR242189","Brazil",553.99
"CR242190","Brazil",553.01
"CR242191","Brazil",615.22
"CR242192","Brazil",660.46
"CR242193","Brazil",677.57
"CR242194","Brazil",673.57
"CR242195","Brazil",640.71
"CR242196","Brazil",670.73
"CR242197","Brazil",590.83
"CR242198","Brazil",543.45
"CR242199","Brazil",473.77
"CR242200","Brazil",463.78
"CR242201","Brazil",456.83
"CR242202","Brazil",473.39
"CR242203","Brazil",396.06
"CR242204","Brazil",329.86
"CR242205","Brazil",271.05
"CR242206","Brazil",189.92
"CR242207","Brazil",137.31
"CR242208","Brazil",131.4
"CR242209","Brazil",120.67
"CR242210","Brazil",242.12
"CR242211","Brazil",316.92
"CR242212","Brazil",318.77
"CR242213","Brazil",390.4
"CR243178","Brazil",800.99
"CR243179","Brazil",732.29
"CR243180","Brazil",732.46
"CR243181","Brazil",763.16
"CR243182","Brazil",706.9
"CR243183","Brazil",661.62
"CR243184","Brazil",703.94
"CR243185","Brazil",576.13
"CR243186","Brazil",639.75
"CR243187","Brazil",290.41
"CR243188","Brazil",449.16
"CR243189","Brazil",569.57
"CR243190","Brazil",614.66
"CR243191","Brazil",653.53
"CR243192","Brazil",701.7
"CR243193","Brazil",699.88
"CR243194","Brazil",702.26
"CR243195","Brazil",639.97
"CR243196","Brazil",600.65
"CR243197","Brazil",518.61
"CR243198","Brazil",630.11
"CR243199","Brazil",466.83
"CR243200","Brazil",508.04
"CR243201","Brazil",482.9
"CR243202","Brazil",408.95
"CR243203","Brazil",256.53
"CR243204","Brazil",341.02
"CR243205","Brazil",269.86
"CR243206","Brazil",161.58
"CR243207","Brazil",131.53
"CR243208","Brazil",110.16
"CR243209","Brazil",103.17
"CR243210","Brazil",152.47
"CR243211","Brazil",304.91
"CR243212","Brazil",344.94
"CR243213","Brazil",184.24
"CR244177","Brazil",585.05
"CR244178","Brazil",813.19
"CR244179","Brazil",739.72
"CR244180","Brazil",718.72
"CR244181","Brazil",767.13
"CR244182","Brazil",739.15
"CR244183","Brazil",742.03
"CR244184","Brazil",697.49
"CR244185","Brazil",524.79
"CR244186","Brazil",537.67
"CR244187","Brazil",372.31
"CR244188","Brazil",520.72
"CR244189","Brazil",599.32
"CR244190","Brazil",634.33
"CR244191","Brazil",698.26
"CR244192","Brazil",729.89
"CR244193","Brazil",660.95
"CR244194","Brazil",740.68
"CR244195","Brazil",608.95
"CR244196","Brazil",561.72
"CR244197","Brazil",560.6
"CR244198","Brazil",576.87
"CR244199","Brazil",492.8
"CR244200","Brazil",447.05
"CR244201","Brazil",480.42
"CR244202","Brazil",382.33
"CR244203","Brazil",313.95
"CR244204","Brazil",280.6
"CR244205","Brazil",282.16
"CR244206","Brazil",172.98
"CR244207","Brazil",153.05
"CR244208","Brazil",118.37
"CR244209","Brazil",107.47
"CR244210","Brazil",217.5
"CR244211","Brazil",302.06
"CR244212","Brazil",333.97
"CR244213","Brazil",311.6
"CR244214","Brazil",167.46
"CR244215","Brazil",123.93
"CR244220","Brazil",59.87
"CR244221","Brazil",84.28
"CR245177","Brazil",882.82
"CR245178","Brazil",844.04
"CR245179","Brazil",796.59
"CR245180","Brazil",760.27
"CR245181","Brazil",786.41
"CR245182","Brazil",717.15
"CR245183","Brazil",708.7
"CR245184","Brazil",723.11
"CR245185","Brazil",632.21
"CR245186","Brazil",221.78
"CR245187","Brazil",392.59
"CR245188","Brazil",583.25
"CR245189","Brazil",617.29
"CR245190","Brazil",655.83
"CR245191","Brazil",714.82
"CR245192","Brazil",694.07
"CR245193","Brazil",705.86
"CR245194","Brazil",691.02
"CR245195","Brazil",655.08
"CR245196","Brazil",532.41
"CR245197","Brazil",528.56
"CR245198","Brazil",513.35
"CR245199","Brazil",479.6
"CR245200","Brazil",486.12
"CR245201","Brazil",470.76
"CR245202","Brazil",365.15
"CR245203","Brazil",274.16
"CR245204","Brazil",319.1
"CR245205","Brazil",325.75
"CR245206","Brazil",304.96
"CR245207","Brazil",196.7
"CR245208","Brazil",131.93
"CR245209","Brazil",236.28
"CR245210","Brazil",322.45
"CR245211","Brazil",281.9
"CR245212","Brazil",238.06
"CR245213","Brazil",222.99
"CR245214","Brazil",255.51
"CR245215","Brazil",145.51
"CR245216","Brazil",431.04
"CR245217","Brazil",248.28
"CR245218","Brazil",178.54
"CR245219","Brazil",244.48
"CR245220","Brazil",98.62
"CR245221","Brazil",91.84
"CR245222","Brazil",171.35
"CR245223","Brazil",273.03
"CR245224","Brazil",207.01
"CR245225","Brazil",204.55
"CR245241","Brazil",70.29
"CR246177","Brazil",841.3
"CR246178","Brazil",808.99
"CR246179","Brazil",795.77
"CR246180","Brazil",780.96
"CR246181","Brazil",776.93
"CR246182","Brazil",709.83
"CR246183","Brazil",669.89
"CR246184","Brazil",651.33
"CR246185","Brazil",545.49
"CR246186","Brazil",236.87
"CR246187","Brazil",534.14
"CR246188","Brazil",609.62
"CR246189","Brazil",670.65
"CR246190","Brazil",689.98
"CR246191","Brazil",694.6
"CR246192","Brazil",647.03
"CR246193","Brazil",724.17
"CR246194","Brazil",740.69
"CR246195","Brazil",662.75
"CR246196","Brazil",682.84
"CR246197","Brazil",515.38
"CR246198","Brazil",497.2
"CR246199","Brazil",449.06
"CR246200","Brazil",489.58
"CR246201","Brazil",438.52
"CR246202","Brazil",346.11
"CR246203","Brazil",249.55
"CR246204","Brazil",324.22
"CR246205","Brazil",377.44
"CR246206","Brazil",328.67
"CR246207","Brazil",280.2
"CR246208","Brazil",211.44
"CR246209","Brazil",318.62
"CR246210","Brazil",293.38
"CR246211","Brazil",278.38
"CR246212","Brazil",207.62
"CR246213","Brazil",179.65
"CR246214","Brazil",223
"CR246215","Brazil",282.42
"CR246216","Brazil",294.96
"CR246217","Brazil",172.19
"CR246218","Brazil",163.1
"CR246219","Brazil",165.13
"CR246220","Brazil",229.78
"CR246221","Brazil",218.57
"CR246222","Brazil",215.92
"CR246223","Brazil",211.75
"CR246224","Brazil",319.83
"CR246225","Brazil",310.38
"CR246240","Brazil",84.68
"CR246241","Brazil",66.71
"CR247177","Brazil",815.72
"CR247178","Brazil",804.28
"CR247179","Brazil",804.87
"CR247180","Brazil",771.5
"CR247181","Brazil",740.19
"CR247182","Brazil",698.36
"CR247183","Brazil",575.29
"CR247184","Brazil",674.89
"CR247185","Brazil",271.09
"CR247186","Brazil",377.18
"CR247187","Brazil",557.15
"CR247188","Brazil",664.57
"CR247189","Brazil",658.55
"CR247190","Brazil",618.8
"CR247191","Brazil",701.72
"CR247192","Brazil",658.45
"CR247193","Brazil",692.54
"CR247194","Brazil",693.17
"CR247195","Brazil",668.6
"CR247196","Brazil",603.83
"CR247197","Brazil",480.09
"CR247198","Brazil",535.88
"CR247199","Brazil",487.52
"CR247200","Brazil",441.04
"CR247201","Brazil",377.4
"CR247202","Brazil",274.02
"CR247203","Brazil",319.11
"CR247204","Brazil",309.85
"CR247205","Brazil",261.6
"CR247206","Brazil",287.81
"CR247207","Brazil",292.95
"CR247208","Brazil",221.47
"CR247209","Brazil",267.11
"CR247210","Brazil",223
"CR247211","Brazil",191.74
"CR247212","Brazil",147.53
"CR247213","Brazil",169.08
"CR247214","Brazil",176
"CR247215","Brazil",289.37
"CR247216","Brazil",177.73
"CR247217","Brazil",132.56
"CR247218","Brazil",142.45
"CR247219","Brazil",158.74
"CR247220","Brazil",264.71
"CR247221","Brazil",342.29
"CR247222","Brazil",338.22
"CR247223","Brazil",303.74
"CR247224","Brazil",300.28
"CR247225","Brazil",280.82
"CR247239","Brazil",199.4
"CR247240","Brazil",73.89
"CR247241","Brazil",92.23
"CR248176","Brazil",511.2
"CR248177","Brazil",711.99
"CR248178","Brazil",698.85
"CR248179","Brazil",715.18
"CR248180","Brazil",756.08
"CR248181","Brazil",774.3
"CR248182","Brazil",744.99
"CR248183","Brazil",575.08
"CR248184","Brazil",434.49
"CR248185","Brazil",282.8
"CR248186","Brazil",601.45
"CR248187","Brazil",635.87
"CR248188","Brazil",668.12
"CR248189","Brazil",610.62
"CR248190","Brazil",585.06
"CR248191","Brazil",590.99
"CR248192","Brazil",614.03
"CR248193","Brazil",598.51
"CR248194","Brazil",592.26
"CR248195","Brazil",593.99
"CR248196","Brazil",529.06
"CR248197","Brazil",458.66
"CR248198","Brazil",500.85
"CR248199","Brazil",408.48
"CR248200","Brazil",398.97
"CR248201","Brazil",439.76
"CR248202","Brazil",323.43
"CR248203","Brazil",295.86
"CR248204","Brazil",301.23
"CR248205","Brazil",281.8
"CR248206","Brazil",249.18
"CR248207","Brazil",224.21
"CR248208","Brazil",240.33
"CR248209","Brazil",220.69
"CR248210","Brazil",170.28
"CR248211","Brazil",172.63
"CR248212","Brazil",165.74
"CR248213","Brazil",206.48
"CR248214","Brazil",207.45
"CR248215","Brazil",185.94
"CR248216","Brazil",146.14
"CR248217","Brazil",128.41
"CR248218","Brazil",211.46
"CR248219","Brazil",159.09
"CR248220","Brazil",186.63
"CR248221","Brazil",298.6
"CR248222","Brazil",317.27
"CR248223","Brazil",324.96
"CR248224","Brazil",345.66
"CR248225","Brazil",287.74
"CR248238","Brazil",31.32
"CR248239","Brazil",154.32
"CR248240","Brazil",67.67
"CR248241","Brazil",72.84
"CR248242","Brazil",194.76
"CR249176","Brazil",540.39
"CR249177","Brazil",278.05
"CR249178","Brazil",690.08
"CR249179","Brazil",510.63
"CR249180","Brazil",603.38
"CR249181","Brazil",638.88
"CR249182","Brazil",694.38
"CR249183","Brazil",542.98
"CR249184","Brazil",502.99
"CR249185","Brazil",291.24
"CR249186","Brazil",518.12
"CR249187","Brazil",594.15
"CR249188","Brazil",709.76
"CR249189","Brazil",558.22
"CR249190","Brazil",623.17
"CR249191","Brazil",639.02
"CR249192","Brazil",604.41
"CR249193","Brazil",516.92
"CR249194","Brazil",528.53
"CR249195","Brazil",528.33
"CR249196","Brazil",487.27
"CR249197","Brazil",440.49
"CR249198","Brazil",426.7
"CR249199","Brazil",491.01
"CR249200","Brazil",458.64
"CR249201","Brazil",410.41
"CR249202","Brazil",403.67
"CR249203","Brazil",367.65
"CR249204","Brazil",251.61
"CR249205","Brazil",284.3
"CR249206","Brazil",221.57
"CR249207","Brazil",214.13
"CR249208","Brazil",269.79
"CR249209","Brazil",189.16
"CR249210","Brazil",144.79
"CR249211","Brazil",198.79
"CR249212","Brazil",202.72
"CR249213","Brazil",236.74
"CR249214","Brazil",204.12
"CR249215","Brazil",159.34
"CR249216","Brazil",126.77
"CR249217","Brazil",136.17
"CR249218","Brazil",168.27
"CR249219","Brazil",135.73
"CR249220","Brazil",176.2
"CR249221","Brazil",211.21
"CR249222","Brazil",371.22
"CR249223","Brazil",322.15
"CR249224","Brazil",248.66
"CR249225","Brazil",209.01
"CR249226","Brazil",283.94
"CR249227","Brazil",301.09
"CR249237","Brazil",52.13
"CR249238","Brazil",52.03
"CR249239","Brazil",44.09
"CR249240","Brazil",71.99
"CR249241","Brazil",72.17
"CR249242","Brazil",192.83
"CR249243","Brazil",182.08
"CR250175","Brazil",668.67
"CR250176","Brazil",755.24
"CR250177","Brazil",728.31
"CR250178","Brazil",697.62
"CR250179","Brazil",652.53
"CR250180","Brazil",675.2
"CR250181","Brazil",630.89
"CR250182","Brazil",551.87
"CR250183","Brazil",551.68
"CR250184","Brazil",320.97
"CR250185","Brazil",227.44
"CR250186","Brazil",474.31
"CR250187","Brazil",489.5
"CR250188","Brazil",532.55
"CR250189","Brazil",564.97
"CR250190","Brazil",540.85
"CR250191","Brazil",538.34
"CR250192","Brazil",561.43
"CR250193","Brazil",502.34
"CR250194","Brazil",455.18
"CR250195","Brazil",503.39
"CR250196","Brazil",493.56
"CR250197","Brazil",394.14
"CR250198","Brazil",371.08
"CR250199","Brazil",396.37
"CR250200","Brazil",472.29
"CR250201","Brazil",466.41
"CR250202","Brazil",447.88
"CR250203","Brazil",359.09
"CR250204","Brazil",279.68
"CR250205","Brazil",280.1
"CR250206","Brazil",291.56
"CR250207","Brazil",222.24
"CR250208","Brazil",169.49
"CR250209","Brazil",135.07
"CR250210","Brazil",156.12
"CR250211","Brazil",161.06
"CR250212","Brazil",203.94
"CR250213","Brazil",190.7
"CR250214","Brazil",221.85
"CR250215","Brazil",193.96
"CR250216","Brazil",156.14
"CR250217","Brazil",137.19
"CR250218","Brazil",151.57
"CR250219","Brazil",139.96
"CR250220","Brazil",196.67
"CR250221","Brazil",252.21
"CR250222","Brazil",328.21
"CR250223","Brazil",202.24
"CR250224","Brazil",225.05
"CR250225","Brazil",189.46
"CR250226","Brazil",142.25
"CR250227","Brazil",161.41
"CR250228","Brazil",277.97
"CR250236","Brazil",263.7
"CR250237","Brazil",113.73
"CR250238","Brazil",40.98
"CR250239","Brazil",55.04
"CR250240","Brazil",79.95
"CR250241","Brazil",178.6
"CR250242","Brazil",68.24
"CR250243","Brazil",31.53
"CR251176","Brazil",865.24
"CR251177","Brazil",887.62
"CR251178","Brazil",803.46
"CR251179","Brazil",675.05
"CR251180","Brazil",689.69
"CR251181","Brazil",649.81
"CR251182","Brazil",547.32
"CR251183","Brazil",532.66
"CR251184","Brazil",367.56
"CR251185","Brazil",105.08
"CR251186","Brazil",505.34
"CR251187","Brazil",544.28
"CR251188","Brazil",594.38
"CR251189","Brazil",485.59
"CR251190","Brazil",441.88
"CR251191","Brazil",464.65
"CR251192","Brazil",470.15
"CR251193","Brazil",440.46
"CR251194","Brazil",444.06
"CR251195","Brazil",455.11
"CR251196","Brazil",415
"CR251197","Brazil",373.7
"CR251198","Brazil",362.25
"CR251199","Brazil",332.42
"CR251200","Brazil",369.35
"CR251201","Brazil",372.62
"CR251202","Brazil",293.11
"CR251203","Brazil",305.2
"CR251204","Brazil",301.04
"CR251205","Brazil",296.9
"CR251206","Brazil",279.79
"CR251207","Brazil",280.13
"CR251208","Brazil",217.17
"CR251209","Brazil",119.64
"CR251210","Brazil",180.44
"CR251211","Brazil",202.17
"CR251212","Brazil",195.38
"CR251213","Brazil",261.23
"CR251214","Brazil",172.81
"CR251215","Brazil",125.22
"CR251216","Brazil",150.04
"CR251217","Brazil",210.84
"CR251218","Brazil",176.89
"CR251219","Brazil",140.91
"CR251220","Brazil",170.03
"CR251221","Brazil",263.68
"CR251222","Brazil",197.15
"CR251223","Brazil",246.47
"CR251224","Brazil",321.94
"CR251225","Brazil",346.95
"CR251226","Brazil",323.89
"CR251227","Brazil",241.91
"CR251228","Brazil",333.88
"CR251231","Brazil",411.12
"CR251232","Brazil",461.65
"CR251236","Brazil",370.84
"CR251237","Brazil",269.39
"CR251238","Brazil",29.92
"CR251239","Brazil",143.04
"CR251240","Brazil",119.84
"CR251241","Brazil",62.15
"CR251242","Brazil",53.43
"CR251243","Brazil",37.21
"CR252176","Brazil",972.25
"CR252177","Brazil",944.44
"CR252178","Brazil",902.67
"CR252179","Brazil",690.35
"CR252180","Brazil",665.28
"CR252181","Brazil",619.66
"CR252182","Brazil",595.63
"CR252183","Brazil",477.86
"CR252184","Brazil",396.28
"CR252185","Brazil",131.04
"CR252186","Brazil",468.9
"CR252187","Brazil",509.82
"CR252188","Brazil",512.32
"CR252189","Brazil",440.52
"CR252190","Brazil",382.7
"CR252191","Brazil",414.95
"CR252192","Brazil",410.01
"CR252193","Brazil",412.9
"CR252194","Brazil",447.89
"CR252195","Brazil",415.18
"CR252196","Brazil",408.73
"CR252197","Brazil",404.22
"CR252198","Brazil",399.69
"CR252199","Brazil",381.99
"CR252200","Brazil",492.22
"CR252201","Brazil",264.96
"CR252202","Brazil",288.33
"CR252203","Brazil",278.64
"CR252204","Brazil",306.92
"CR252205","Brazil",273.93
"CR252206","Brazil",264.9
"CR252207","Brazil",255.81
"CR252208","Brazil",224.2
"CR252209","Brazil",121.27
"CR252210","Brazil",150.99
"CR252211","Brazil",209.64
"CR252212","Brazil",236.46
"CR252213","Brazil",285.7
"CR252214","Brazil",302.83
"CR252215","Brazil",157.39
"CR252216","Brazil",163.82
"CR252217","Brazil",194.82
"CR252218","Brazil",167.64
"CR252219","Brazil",179.41
"CR252220","Brazil",160.71
"CR252221","Brazil",177.75
"CR252222","Brazil",166.85
"CR252223","Brazil",385.14
"CR252224","Brazil",386.43
"CR252225","Brazil",377.35
"CR252226","Brazil",348.68
"CR252227","Brazil",414.94
"CR252228","Brazil",405.86
"CR252229","Brazil",443.86
"CR252230","Brazil",440.68
"CR252231","Brazil",437.71
"CR252232","Brazil",402.07
"CR252235","Brazil",347.83
"CR252236","Brazil",350.8
"CR252237","Brazil",296.99
"CR252238","Brazil",49.45
"CR252239","Brazil",123.38
"CR252240","Brazil",160.88
"CR252241","Brazil",131.18
"CR252242","Brazil",144.5
"CR252243","Brazil",68.38
"CR252244","Brazil",122.21
"CR253176","Brazil",982.06
"CR253177","Brazil",943.04
"CR253178","Brazil",941.56
"CR253179","Brazil",887.48
"CR253180","Brazil",772.77
"CR253181","Brazil",751.94
"CR253182","Brazil",745.76
"CR253183","Brazil",481.62
"CR253184","Brazil",240.09
"CR253185","Brazil",355
"CR253186","Brazil",512.65
"CR253187","Brazil",517.67
"CR253188","Brazil",540.46
"CR253189","Brazil",388.39
"CR253190","Brazil",382.73
"CR253191","Brazil",418.04
"CR253192","Brazil",463.44
"CR253193","Brazil",447.47
"CR253194","Brazil",427.23
"CR253195","Brazil",389.04
"CR253196","Brazil",382.48
"CR253197","Brazil",385.53
"CR253198","Brazil",408.78
"CR253199","Brazil",386.39
"CR253200","Brazil",323.2
"CR253201","Brazil",343.52
"CR253202","Brazil",308.35
"CR253203","Brazil",284.63
"CR253204","Brazil",264.97
"CR253205","Brazil",232.81
"CR253206","Brazil",247.89
"CR253207","Brazil",235.13
"CR253208","Brazil",169.11
"CR253209","Brazil",126.73
"CR253210","Brazil",173.33
"CR253211","Brazil",184.2
"CR253212","Brazil",151.57
"CR253213","Brazil",132.43
"CR253214","Brazil",138.44
"CR253215","Brazil",151.84
"CR253216","Brazil",206.33
"CR253217","Brazil",203.83
"CR253218","Brazil",178.03
"CR253219","Brazil",157.96
"CR253220","Brazil",154.39
"CR253221","Brazil",190.44
"CR253222","Brazil",188.49
"CR253223","Brazil",295.97
"CR253224","Brazil",342.94
"CR253225","Brazil",436.25
"CR253226","Brazil",398.38
"CR253227","Brazil",406.43
"CR253228","Brazil",451.41
"CR253229","Brazil",453.02
"CR253230","Brazil",477.12
"CR253231","Brazil",477.14
"CR253232","Brazil",423.7
"CR253233","Brazil",476
"CR253234","Brazil",311.71
"CR253235","Brazil",371.6
"CR253236","Brazil",247.59
"CR253237","Brazil",321.36
"CR253238","Brazil",128.62
"CR253239","Brazil",51.03
"CR253240","Brazil",237.28
"CR253241","Brazil",150.36
"CR253242","Brazil",87.02
"CR253243","Brazil",71.68
"CR253244","Brazil",162.59
"CR253245","Brazil",110.21
"CR254176","Brazil",893.68
"CR254177","Brazil",935.1
"CR254178","Brazil",960.6
"CR254179","Brazil",819.28
"CR254180","Brazil",806.36
"CR254181","Brazil",786.23
"CR254182","Brazil",670.58
"CR254183","Brazil",504.75
"CR254184","Brazil",182.17
"CR254185","Brazil",481.87
"CR254186","Brazil",552.12
"CR254187","Brazil",559.05
"CR254188","Brazil",435.88
"CR254189","Brazil",347.35
"CR254190","Brazil",365.34
"CR254191","Brazil",378.89
"CR254192","Brazil",431.75
"CR254193","Brazil",438.46
"CR254194","Brazil",419.22
"CR254195","Brazil",337.49
"CR254196","Brazil",327.72
"CR254197","Brazil",295.98
"CR254198","Brazil",293.68
"CR254199","Brazil",279.11
"CR254200","Brazil",289.95
"CR254201","Brazil",272.05
"CR254202","Brazil",276.78
"CR254203","Brazil",262.86
"CR254204","Brazil",258.28
"CR254205","Brazil",196.65
"CR254206","Brazil",192.38
"CR254207","Brazil",253.09
"CR254208","Brazil",231.02
"CR254209","Brazil",190.19
"CR254210","Brazil",208.01
"CR254211","Brazil",142.55
"CR254212","Brazil",142.55
"CR254213","Brazil",129.56
"CR254214","Brazil",141.89
"CR254215","Brazil",152.13
"CR254216","Brazil",141.72
"CR254217","Brazil",173.75
"CR254218","Brazil",176.69
"CR254219","Brazil",156.24
"CR254220","Brazil",177.9
"CR254221","Brazil",150.58
"CR254222","Brazil",179.23
"CR254223","Brazil",175.06
"CR254224","Brazil",266.89
"CR254225","Brazil",364.69
"CR254226","Brazil",415.39
"CR254227","Brazil",450.42
"CR254228","Brazil",460.71
"CR254229","Brazil",435.07
"CR254230","Brazil",479.26
"CR254231","Brazil",461.31
"CR254232","Brazil",458.28
"CR254233","Brazil",489.95
"CR254234","Brazil",384.31
"CR254235","Brazil",413.41
"CR254236","Brazil",321.42
"CR254237","Brazil",155.52
"CR254238","Brazil",169.52
"CR254239","Brazil",227.67
"CR254240","Brazil",297.85
"CR254241","Brazil",169.64
"CR254242","Brazil",270.55
"CR254243","Brazil",104.96
"CR254244","Brazil",209
"CR254245","Brazil",195.14
"CR254246","Brazil",138.02
"CR254247","Brazil",178.69
"CR254248","Brazil",142.81
"CR255175","Brazil",466.22
"CR255176","Brazil",924.52
"CR255177","Brazil",937.6
"CR255178","Brazil",972.47
"CR255179","Brazil",806.39
"CR255180","Brazil",729.54
"CR255181","Brazil",791.18
"CR255182","Brazil",658.93
"CR255183","Brazil",582.4
"CR255184","Brazil",216.82
"CR255185","Brazil",576.15
"CR255186","Brazil",590.69
"CR255187","Brazil",610.89
"CR255188","Brazil",437.94
"CR255189","Brazil",328.56
"CR255190","Brazil",356.87
"CR255191","Brazil",379.08
"CR255192","Brazil",351.3
"CR255193","Brazil",478.5
"CR255194","Brazil",453.6
"CR255195","Brazil",256.81
"CR255196","Brazil",219.03
"CR255197","Brazil",229.48
"CR255198","Brazil",222.87
"CR255199","Brazil",231.54
"CR255200","Brazil",233.76
"CR255201","Brazil",271.62
"CR255202","Brazil",243.43
"CR255203","Brazil",242.89
"CR255204","Brazil",221.78
"CR255205","Brazil",252.44
"CR255206","Brazil",206.14
"CR255207","Brazil",222.87
"CR255208","Brazil",163.69
"CR255209","Brazil",201.75
"CR255210","Brazil",202.22
"CR255211","Brazil",171.61
"CR255212","Brazil",160.81
"CR255213","Brazil",142.07
"CR255214","Brazil",147.49
"CR255215","Brazil",113.5
"CR255216","Brazil",107.75
"CR255217","Brazil",90.98
"CR255218","Brazil",120.7
"CR255219","Brazil",164.67
"CR255220","Brazil",155.05
"CR255221","Brazil",174.38
"CR255222","Brazil",184.98
"CR255223","Brazil",212.76
"CR255224","Brazil",218.78
"CR255225","Brazil",340.85
"CR255226","Brazil",459.81
"CR255227","Brazil",459.91
"CR255228","Brazil",460.1
"CR255229","Brazil",501.9
"CR255230","Brazil",462.01
"CR255231","Brazil",505.74
"CR255232","Brazil",437.32
"CR255233","Brazil",521.65
"CR255234","Brazil",445.11
"CR255235","Brazil",434.77
"CR255236","Brazil",239.03
"CR255237","Brazil",168.97
"CR255238","Brazil",332.61
"CR255239","Brazil",345.25
"CR255240","Brazil",201.51
"CR255241","Brazil",186.53
"CR255242","Brazil",329.13
"CR255243","Brazil",262.64
"CR255244","Brazil",171.64
"CR255245","Brazil",147.19
"CR255246","Brazil",96.92
"CR255247","Brazil",124.95
"CR256173","Brazil",533.73
"CR256174","Brazil",883.91
"CR256175","Brazil",884.47
"CR256176","Brazil",935.33
"CR256177","Brazil",929.02
"CR256178","Brazil",942.46
"CR256179","Brazil",943.69
"CR256180","Brazil",944.16
"CR256181","Brazil",860.3
"CR256182","Brazil",605.65
"CR256183","Brazil",332.07
"CR256184","Brazil",395.35
"CR256185","Brazil",607.32
"CR256186","Brazil",656.98
"CR256187","Brazil",621.81
"CR256188","Brazil",418.01
"CR256189","Brazil",381.02
"CR256190","Brazil",381.72
"CR256191","Brazil",404.51
"CR256192","Brazil",415.32
"CR256193","Brazil",507.99
"CR256194","Brazil",513.07
"CR256195","Brazil",250.44
"CR256196","Brazil",258.84
"CR256197","Brazil",315.09
"CR256198","Brazil",235.03
"CR256199","Brazil",243.42
"CR256200","Brazil",317.43
"CR256201","Brazil",313.6
"CR256202","Brazil",292.79
"CR256203","Brazil",298.34
"CR256204","Brazil",238.96
"CR256205","Brazil",238.07
"CR256206","Brazil",277.57
"CR256207","Brazil",350.63
"CR256208","Brazil",180.17
"CR256209","Brazil",182.96
"CR256210","Brazil",241.91
"CR256211","Brazil",204.87
"CR256212","Brazil",155.9
"CR256213","Brazil",153.67
"CR256214","Brazil",136.54
"CR256215","Brazil",145.16
"CR256216","Brazil",138.02
"CR256217","Brazil",127.59
"CR256218","Brazil",151.41
"CR256219","Brazil",176.6
"CR256220","Brazil",146.87
"CR256221","Brazil",168.91
"CR256222","Brazil",176.98
"CR256223","Brazil",163.52
"CR256224","Brazil",254.8
"CR256225","Brazil",433.02
"CR256226","Brazil",458.5
"CR256227","Brazil",461.15
"CR256228","Brazil",458.78
"CR256229","Brazil",491.94
"CR256230","Brazil",518.43
"CR256231","Brazil",458.53
"CR256232","Brazil",444.67
"CR256233","Brazil",375.45
"CR256234","Brazil",467.58
"CR256235","Brazil",471.24
"CR256236","Brazil",453.83
"CR256237","Brazil",326.29
"CR256238","Brazil",304.2
"CR256239","Brazil",357.14
"CR256240","Brazil",230.11
"CR256241","Brazil",166.72
"CR256242","Brazil",222.64
"CR256243","Brazil",307.89
"CR256244","Brazil",144.96
"CR256245","Brazil",72.36
"CR256246","Brazil",39.79
"CR257172","Brazil",220.78
"CR257173","Brazil",583.12
"CR257174","Brazil",865.78
"CR257175","Brazil",890.38
"CR257176","Brazil",937.66
"CR257177","Brazil",932.78
"CR257178","Brazil",941.63
"CR257179","Brazil",863.97
"CR257180","Brazil",744.86
"CR257181","Brazil",419.51
"CR257182","Brazil",330.76
"CR257183","Brazil",336.22
"CR257184","Brazil",690.49
"CR257185","Brazil",697.18
"CR257186","Brazil",603.8
"CR257187","Brazil",555.68
"CR257188","Brazil",503.49
"CR257189","Brazil",410.97
"CR257190","Brazil",386.47
"CR257191","Brazil",396.11
"CR257192","Brazil",419.8
"CR257193","Brazil",524.2
"CR257194","Brazil",539.27
"CR257195","Brazil",230.17
"CR257196","Brazil",285.02
"CR257197","Brazil",233.87
"CR257198","Brazil",282.95
"CR257199","Brazil",369.08
"CR257200","Brazil",330.16
"CR257201","Brazil",415.83
"CR257202","Brazil",366.46
"CR257203","Brazil",342.14
"CR257204","Brazil",283.06
"CR257205","Brazil",257.35
"CR257206","Brazil",288.61
"CR257207","Brazil",283.04
"CR257208","Brazil",198.5
"CR257209","Brazil",222.71
"CR257210","Brazil",206.03
"CR257211","Brazil",228.65
"CR257212","Brazil",170.22
"CR257213","Brazil",166.22
"CR257214","Brazil",141.54
"CR257215","Brazil",114.58
"CR257216","Brazil",133.83
"CR257217","Brazil",176.74
"CR257218","Brazil",177.54
"CR257219","Brazil",231.18
"CR257220","Brazil",157.33
"CR257221","Brazil",154.51
"CR257222","Brazil",225.37
"CR257223","Brazil",372.55
"CR257224","Brazil",447.34
"CR257225","Brazil",404.63
"CR257226","Brazil",458.17
"CR257227","Brazil",431.06
"CR257228","Brazil",427.11
"CR257229","Brazil",472.72
"CR257230","Brazil",506.67
"CR257231","Brazil",274
"CR257232","Brazil",281.02
"CR257233","Brazil",394.1
"CR257234","Brazil",217.46
"CR257235","Brazil",438.75
"CR257236","Brazil",370.92
"CR257237","Brazil",328.56
"CR257238","Brazil",399.35
"CR257239","Brazil",344.17
"CR257240","Brazil",173.46
"CR257241","Brazil",161.72
"CR257242","Brazil",249.46
"CR257243","Brazil",123.9
"CR257244","Brazil",38.46
"CR258172","Brazil",222.8
"CR258173","Brazil",220.24
"CR258174","Brazil",445.07
"CR258175","Brazil",742.95
"CR258176","Brazil",868.46
"CR258177","Brazil",881.92
"CR258178","Brazil",757.38
"CR258179","Brazil",515.49
"CR258180","Brazil",258.02
"CR258181","Brazil",233.13
"CR258182","Brazil",363.16
"CR258183","Brazil",427.74
"CR258184","Brazil",568.32
"CR258185","Brazil",709.77
"CR258186","Brazil",730.74
"CR258187","Brazil",651.91
"CR258188","Brazil",529.81
"CR258189","Brazil",404.47
"CR258190","Brazil",373.56
"CR258191","Brazil",367.09
"CR258192","Brazil",505.28
"CR258193","Brazil",528.04
"CR258194","Brazil",645.62
"CR258195","Brazil",292.91
"CR258196","Brazil",293.57
"CR258197","Brazil",308.48
"CR258198","Brazil",365.4
"CR258199","Brazil",385
"CR258200","Brazil",332.63
"CR258201","Brazil",371.6
"CR258202","Brazil",232.74
"CR258203","Brazil",179.06
"CR258204","Brazil",189.5
"CR258205","Brazil",232.1
"CR258206","Brazil",147.89
"CR258207","Brazil",127.64
"CR258208","Brazil",174.05
"CR258209","Brazil",173.62
"CR258210","Brazil",184.94
"CR258211","Brazil",196.95
"CR258212","Brazil",171.02
"CR258213","Brazil",168.58
"CR258214","Brazil",143.31
"CR258215","Brazil",95.45
"CR258216","Brazil",127.52
"CR258217","Brazil",166.08
"CR258218","Brazil",192.24
"CR258219","Brazil",216.94
"CR258220","Brazil",219.31
"CR258221","Brazil",292.9
"CR258222","Brazil",458.86
"CR258223","Brazil",456.99
"CR258224","Brazil",460.22
"CR258225","Brazil",328.72
"CR258226","Brazil",431.63
"CR258227","Brazil",425.41
"CR258228","Brazil",434.38
"CR258229","Brazil",476.22
"CR258230","Brazil",512.65
"CR258231","Brazil",431.1
"CR258232","Brazil",415.2
"CR258233","Brazil",456.51
"CR258234","Brazil",383.35
"CR258235","Brazil",396.86
"CR258236","Brazil",241.29
"CR258237","Brazil",38.62
"CR258238","Brazil",242.35
"CR258239","Brazil",415.92
"CR258240","Brazil",218.27
"CR258241","Brazil",195.13
"CR258242","Brazil",143.31
"CR258243","Brazil",43.26
"CR258244","Brazil",30.29
"CR259175","Brazil",205.8
"CR259176","Brazil",273.98
"CR259177","Brazil",274.21
"CR259178","Brazil",237.49
"CR259179","Brazil",242.88
"CR259180","Brazil",199.37
"CR259181","Brazil",394.13
"CR259182","Brazil",250.63
"CR259183","Brazil",363.42
"CR259184","Brazil",402.64
"CR259185","Brazil",496.75
"CR259186","Brazil",616.12
"CR259187","Brazil",614.36
"CR259188","Brazil",599
"CR259189","Brazil",508.7
"CR259190","Brazil",479.28
"CR259191","Brazil",488.12
"CR259192","Brazil",365.99
"CR259193","Brazil",229.16
"CR259194","Brazil",459.21
"CR259195","Brazil",490.12
"CR259196","Brazil",419.83
"CR259197","Brazil",352.38
"CR259198","Brazil",378.49
"CR259199","Brazil",332.68
"CR259200","Brazil",342.39
"CR259201","Brazil",317.68
"CR259202","Brazil",219.22
"CR259203","Brazil",169.97
"CR259204","Brazil",183.46
"CR259205","Brazil",155.8
"CR259206","Brazil",148.82
"CR259207","Brazil",162.11
"CR259208","Brazil",226.63
"CR259209","Brazil",205.11
"CR259210","Brazil",185.74
"CR259211","Brazil",174.02
"CR259212","Brazil",179.92
"CR259213","Brazil",188.52
"CR259214","Brazil",152.66
"CR259215","Brazil",142.42
"CR259216","Brazil",212.9
"CR259217","Brazil",186.48
"CR259218","Brazil",245.66
"CR259219","Brazil",305.23
"CR259220","Brazil",354.54
"CR259221","Brazil",451.62
"CR259222","Brazil",373.66
"CR259223","Brazil",461.5
"CR259224","Brazil",459.47
"CR259225","Brazil",312.52
"CR259226","Brazil",410.25
"CR259227","Brazil",445.88
"CR259228","Brazil",479.42
"CR259229","Brazil",472.6
"CR259230","Brazil",490.5
"CR259231","Brazil",512.35
"CR259232","Brazil",505.66
"CR259233","Brazil",483.44
"CR259234","Brazil",291.16
"CR259235","Brazil",386.84
"CR259236","Brazil",300.91
"CR259237","Brazil",80.74
"CR259238","Brazil",110.38
"CR259239","Brazil",197.69
"CR259240","Brazil",306.81
"CR259241","Brazil",76.46
"CR259242","Brazil",40.25
"CR259243","Brazil",28
"CR260176","Brazil",172.71
"CR260177","Brazil",205.46
"CR260178","Brazil",176.13
"CR260179","Brazil",281.72
"CR260180","Brazil",305.11
"CR260181","Brazil",467.18
"CR260182","Brazil",226.35
"CR260183","Brazil",420.65
"CR260184","Brazil",353.84
"CR260185","Brazil",429.88
"CR260186","Brazil",534.75
"CR260187","Brazil",515.53
"CR260188","Brazil",517.06
"CR260189","Brazil",587.28
"CR260190","Brazil",454.42
"CR260191","Brazil",497.53
"CR260192","Brazil",451.16
"CR260193","Brazil",386.27
"CR260194","Brazil",666.2
"CR260195","Brazil",643.64
"CR260196","Brazil",473.72
"CR260197","Brazil",411.26
"CR260198","Brazil",351.94
"CR260199","Brazil",303.4
"CR260200","Brazil",223.16
"CR260201","Brazil",133.76
"CR260202","Brazil",139.3
"CR260203","Brazil",141.37
"CR260204","Brazil",129.82
"CR260205","Brazil",130.2
"CR260206","Brazil",154.02
"CR260207","Brazil",230.59
"CR260208","Brazil",275.78
"CR260209","Brazil",210.19
"CR260210","Brazil",179.14
"CR260211","Brazil",171.12
"CR260212","Brazil",194.06
"CR260213","Brazil",198.09
"CR260214","Brazil",192.76
"CR260215","Brazil",183
"CR260216","Brazil",211.56
"CR260217","Brazil",187.06
"CR260218","Brazil",347.61
"CR260219","Brazil",172.81
"CR260220","Brazil",296.26
"CR260221","Brazil",433.32
"CR260222","Brazil",412.74
"CR260223","Brazil",408.61
"CR260224","Brazil",441.16
"CR260225","Brazil",370.3
"CR260226","Brazil",359.92
"CR260227","Brazil",420.14
"CR260228","Brazil",400.96
"CR260229","Brazil",298.97
"CR260230","Brazil",196.69
"CR260231","Brazil",334.26
"CR260232","Brazil",508.49
"CR260233","Brazil",514.9
"CR260234","Brazil",510.45
"CR260235","Brazil",515.05
"CR260236","Brazil",261.64
"CR260237","Brazil",54.88
"CR260238","Brazil",110.41
"CR260239","Brazil",195.82
"CR260240","Brazil",314.99
"CR260241","Brazil",42.1
"CR260242","Brazil",26.43
"CR261178","Brazil",198.84
"CR261180","Brazil",287.28
"CR261181","Brazil",249.61
"CR261182","Brazil",349.54
"CR261183","Brazil",448.62
"CR261184","Brazil",354.99
"CR261185","Brazil",347.26
"CR261186","Brazil",454.25
"CR261187","Brazil",535.02
"CR261188","Brazil",518.48
"CR261189","Brazil",512.85
"CR261190","Brazil",566.99
"CR261191","Brazil",680.06
"CR261192","Brazil",545.91
"CR261193","Brazil",572.25
"CR261194","Brazil",652.9
"CR261195","Brazil",566.82
"CR261196","Brazil",299.68
"CR261197","Brazil",288.64
"CR261198","Brazil",206.94
"CR261199","Brazil",180.28
"CR261200","Brazil",169.76
"CR261201","Brazil",151.05
"CR261202","Brazil",143.41
"CR261203","Brazil",150.92
"CR261204","Brazil",143.24
"CR261205","Brazil",153.77
"CR261206","Brazil",160.42
"CR261207","Brazil",166.68
"CR261208","Brazil",174.56
"CR261209","Brazil",165.05
"CR261210","Brazil",165.23
"CR261211","Brazil",206.76
"CR261212","Brazil",190.19
"CR261213","Brazil",213.34
"CR261214","Brazil",195.44
"CR261215","Brazil",162.81
"CR261216","Brazil",180.81
"CR261217","Brazil",200.31
"CR261218","Brazil",273.55
"CR261219","Brazil",157.95
"CR261220","Brazil",252.45
"CR261221","Brazil",350.99
"CR261222","Brazil",371.1
"CR261223","Brazil",296.35
"CR261224","Brazil",411.14
"CR261225","Brazil",369.3
"CR261226","Brazil",352.64
"CR261227","Brazil",394.81
"CR261228","Brazil",399.7
"CR261229","Brazil",234.36
"CR261230","Brazil",341.71
"CR261231","Brazil",416.79
"CR261232","Brazil",482.75
"CR261233","Brazil",490.67
"CR261234","Brazil",624.47
"CR261235","Brazil",643.88
"CR261236","Brazil",419.54
"CR261237","Brazil",131.9
"CR261238","Brazil",413.38
"CR261239","Brazil",507.85
"CR261240","Brazil",30.62
"CR262181","Brazil",153.85
"CR262182","Brazil",126.87
"CR262183","Brazil",221.33
"CR262184","Brazil",451.91
"CR262185","Brazil",471.85
"CR262186","Brazil",521.36
"CR262187","Brazil",540.38
"CR262188","Brazil",628.41
"CR262189","Brazil",617.07
"CR262190","Brazil",581.6
"CR262191","Brazil",565.24
"CR262192","Brazil",557.85
"CR262193","Brazil",593.46
"CR262194","Brazil",524.5
"CR262195","Brazil",466.24
"CR262196","Brazil",472.71
"CR262197","Brazil",277.76
"CR262198","Brazil",105.13
"CR262199","Brazil",122.9
"CR262200","Brazil",147.85
"CR262201","Brazil",154.53
"CR262202","Brazil",157.6
"CR262203","Brazil",158.56
"CR262204","Brazil",180.97
"CR262205","Brazil",169.16
"CR262206","Brazil",169.71
"CR262207","Brazil",166.6
"CR262208","Brazil",165.26
"CR262209","Brazil",164.16
"CR262210","Brazil",157.86
"CR262211","Brazil",175.14
"CR262212","Brazil",159.99
"CR262213","Brazil",209.46
"CR262214","Brazil",167.03
"CR262215","Brazil",159.61
"CR262216","Brazil",187.47
"CR262217","Brazil",213.09
"CR262218","Brazil",253.47
"CR262219","Brazil",150.27
"CR262220","Brazil",162.7
"CR262221","Brazil",310.82
"CR262222","Brazil",345.1
"CR262223","Brazil",399.56
"CR262224","Brazil",403.62
"CR262225","Brazil",279.46
"CR262226","Brazil",238.72
"CR262227","Brazil",287.87
"CR262228","Brazil",272.46
"CR262229","Brazil",282.74
"CR262230","Brazil",587.44
"CR262231","Brazil",383.05
"CR262232","Brazil",425.9
"CR262233","Brazil",547.35
"CR262234","Brazil",651.49
"CR262235","Brazil",631.15
"CR262236","Brazil",478.96
"CR262237","Brazil",605.88
"CR262238","Brazil",581.76
"CR263181","Brazil",74.8
"CR263182","Brazil",111.55
"CR263183","Brazil",451.89
"CR263184","Brazil",542.06
"CR263185","Brazil",470.74
"CR263186","Brazil",567.73
"CR263187","Brazil",599.93
"CR263188","Brazil",627.43
"CR263189","Brazil",609.21
"CR263190","Brazil",572.28
"CR263191","Brazil",439.45
"CR263192","Brazil",490.97
"CR263193","Brazil",589.9
"CR263194","Brazil",451.6
"CR263195","Brazil",483.26
"CR263196","Brazil",476.71
"CR263197","Brazil",473.75
"CR263198","Brazil",378.9
"CR263199","Brazil",227.03
"CR263200","Brazil",164.23
"CR263201","Brazil",163.6
"CR263202","Brazil",160.89
"CR263203","Brazil",159.6
"CR263204","Brazil",173.19
"CR263205","Brazil",169.89
"CR263206","Brazil",168
"CR263207","Brazil",162.54
"CR263208","Brazil",165.07
"CR263209","Brazil",142.46
"CR263210","Brazil",124.18
"CR263211","Brazil",130.81
"CR263212","Brazil",125.07
"CR263213","Brazil",139.13
"CR263214","Brazil",145.47
"CR263215","Brazil",143.27
"CR263216","Brazil",155.36
"CR263217","Brazil",231.3
"CR263218","Brazil",149.81
"CR263219","Brazil",146.42
"CR263220","Brazil",153.73
"CR263221","Brazil",189.58
"CR263222","Brazil",298.85
"CR263223","Brazil",342.95
"CR263224","Brazil",297.64
"CR263225","Brazil",304.95
"CR263226","Brazil",221.3
"CR263227","Brazil",217.15
"CR263228","Brazil",235.85
"CR263229","Brazil",455.75
"CR263230","Brazil",659.65
"CR263231","Brazil",547.31
"CR263232","Brazil",553.62
"CR263233","Brazil",470.7
"CR263234","Brazil",535.28
"CR263235","Brazil",628.45
"CR263236","Brazil",601.02
"CR263237","Brazil",563.76
"CR263238","Brazil",351.81
"CR264181","Brazil",74.13
"CR264182","Brazil",300.82
"CR264183","Brazil",506.89
"CR264184","Brazil",394.1
"CR264185","Brazil",511.04
"CR264186","Brazil",563.6
"CR264187","Brazil",605.63
"CR264188","Brazil",638.81
"CR264189","Brazil",607.25
"CR264190","Brazil",625.64
"CR264191","Brazil",457.11
"CR264192","Brazil",397.64
"CR264193","Brazil",347.17
"CR264194","Brazil",400.85
"CR264195","Brazil",296.78
"CR264196","Brazil",224.88
"CR264197","Brazil",149.47
"CR264198","Brazil",174.17
"CR264199","Brazil",149.19
"CR264200","Brazil",151.22
"CR264201","Brazil",153.01
"CR264202","Brazil",153.29
"CR264203","Brazil",149.35
"CR264204","Brazil",149.55
"CR264205","Brazil",152.37
"CR264206","Brazil",152.69
"CR264207","Brazil",160.57
"CR264208","Brazil",151.6
"CR264209","Brazil",139
"CR264210","Brazil",144.94
"CR264211","Brazil",127.66
"CR264212","Brazil",106.18
"CR264213","Brazil",115.93
"CR264214","Brazil",139.57
"CR264215","Brazil",164.3
"CR264216","Brazil",127.58
"CR264217","Brazil",159.46
"CR264218","Brazil",169.86
"CR264219","Brazil",130.64
"CR264220","Brazil",150.29
"CR264221","Brazil",241.42
"CR264222","Brazil",277.42
"CR264223","Brazil",256.95
"CR264224","Brazil",253.34
"CR264225","Brazil",246.65
"CR264226","Brazil",267.5
"CR264227","Brazil",255.98
"CR264228","Brazil",213.08
"CR264229","Brazil",559.91
"CR264230","Brazil",653.27
"CR264231","Brazil",532.54
"CR264232","Brazil",368.17
"CR264235","Brazil",401.13
"CR264236","Brazil",518.59
"CR265182","Brazil",297.5
"CR265183","Brazil",597.88
"CR265184","Brazil",449.15
"CR265185","Brazil",541.29
"CR265186","Brazil",521.98
"CR265187","Brazil",581.27
"CR265188","Brazil",601.36
"CR265189","Brazil",678.33
"CR265190","Brazil",692.88
"CR265191","Brazil",354.81
"CR265192","Brazil",230.47
"CR265193","Brazil",178.78
"CR265194","Brazil",183.93
"CR265195","Brazil",162.42
"CR265196","Brazil",123.39
"CR265197","Brazil",134.31
"CR265198","Brazil",139.95
"CR265199","Brazil",158.67
"CR265200","Brazil",147.88
"CR265201","Brazil",140.99
"CR265202","Brazil",143
"CR265203","Brazil",147.82
"CR265204","Brazil",146.79
"CR265205","Brazil",138.7
"CR265206","Brazil",136.42
"CR265207","Brazil",129.99
"CR265208","Brazil",135.96
"CR265209","Brazil",115.29
"CR265210","Brazil",134.38
"CR265211","Brazil",134.64
"CR265212","Brazil",120.38
"CR265213","Brazil",115.35
"CR265214","Brazil",107.41
"CR265215","Brazil",110
"CR265216","Brazil",105.66
"CR265217","Brazil",133.44
"CR265218","Brazil",158.57
"CR265219","Brazil",158.94
"CR265220","Brazil",155.99
"CR265221","Brazil",240
"CR265222","Brazil",261.61
"CR265223","Brazil",250.93
"CR265224","Brazil",229.65
"CR265225","Brazil",223.46
"CR265226","Brazil",268.11
"CR265227","Brazil",289.08
"CR265228","Brazil",332.66
"CR265229","Brazil",650.25
"CR265230","Brazil",552.82
"CR265231","Brazil",437.99
"CR266182","Brazil",287.38
"CR266183","Brazil",557.82
"CR266184","Brazil",568.04
"CR266185","Brazil",551.8
"CR266186","Brazil",546.39
"CR266187","Brazil",512.78
"CR266188","Brazil",477.14
"CR266189","Brazil",612.39
"CR266190","Brazil",711.55
"CR266191","Brazil",539.39
"CR266192","Brazil",174.26
"CR266193","Brazil",190.64
"CR266194","Brazil",157.76
"CR266195","Brazil",112.94
"CR266196","Brazil",133.27
"CR266197","Brazil",138.37
"CR266198","Brazil",147.6
"CR266199","Brazil",131.29
"CR266200","Brazil",120.38
"CR266201","Brazil",119.01
"CR266202","Brazil",112.89
"CR266203","Brazil",130.82
"CR266204","Brazil",140.58
"CR266205","Brazil",127.02
"CR266206","Brazil",122.28
"CR266207","Brazil",136.82
"CR266208","Brazil",117.51
"CR266209","Brazil",141.75
"CR266210","Brazil",149.77
"CR266211","Brazil",141.69
"CR266212","Brazil",140.1
"CR266213","Brazil",133.82
"CR266214","Brazil",101.01
"CR266215","Brazil",110.2
"CR266216","Brazil",101.29
"CR266217","Brazil",118.12
"CR266218","Brazil",128.38
"CR266219","Brazil",149.48
"CR266220","Brazil",122.12
"CR266221","Brazil",160.36
"CR266222","Brazil",215.44
"CR266223","Brazil",214.99
"CR266224","Brazil",280.55
"CR266225","Brazil",325.75
"CR266226","Brazil",302.02
"CR266227","Brazil",310.4
"CR266228","Brazil",584.57
"CR266229","Brazil",626.64
"CR266230","Brazil",452.95
"CR267182","Brazil",190.92
"CR267183","Brazil",475.03
"CR267184","Brazil",544.85
"CR267185","Brazil",478.46
"CR267186","Brazil",500.02
"CR267187","Brazil",524.97
"CR267188","Brazil",442.4
"CR267189","Brazil",601.53
"CR267190","Brazil",543.1
"CR267191","Brazil",356.85
"CR267192","Brazil",175.91
"CR267193","Brazil",163.21
"CR267194","Brazil",169.43
"CR267195","Brazil",123.31
"CR267196","Brazil",135.6
"CR267197","Brazil",139.29
"CR267198","Brazil",124.59
"CR267199","Brazil",126.64
"CR267200","Brazil",107.63
"CR267201","Brazil",104.4
"CR267202","Brazil",107.63
"CR267203","Brazil",102.77
"CR267204","Brazil",126.36
"CR267205","Brazil",137.38
"CR267206","Brazil",196.42
"CR267207","Brazil",158.5
"CR267208","Brazil",222.17
"CR267209","Brazil",193.81
"CR267210","Brazil",147.31
"CR267211","Brazil",108.08
"CR267212","Brazil",127.91
"CR267213","Brazil",145.19
"CR267214","Brazil",156.23
"CR267215","Brazil",176.04
"CR267216","Brazil",122.81
"CR267217","Brazil",115.58
"CR267218","Brazil",134.64
"CR267219","Brazil",142.95
"CR267220","Brazil",106.33
"CR267221","Brazil",95.95
"CR267222","Brazil",250.65
"CR267223","Brazil",329.53
"CR267224","Brazil",302.21
"CR267225","Brazil",355.61
"CR267226","Brazil",549.46
"CR267227","Brazil",580.21
"CR267228","Brazil",598.83
"CR267229","Brazil",495.08
"CR268182","Brazil",17.59
"CR268183","Brazil",331.63
"CR268184","Brazil",469
"CR268185","Brazil",598.07
"CR268186","Brazil",501.93
"CR268187","Brazil",514.78
"CR268188","Brazil",519.99
"CR268189","Brazil",617.55
"CR268190","Brazil",371.71
"CR268191","Brazil",199.48
"CR268192","Brazil",191.02
"CR268193","Brazil",155.74
"CR268194","Brazil",148.14
"CR268195","Brazil",124.66
"CR268196","Brazil",133.03
"CR268197","Brazil",138.34
"CR268198","Brazil",140.4
"CR268199","Brazil",142.3
"CR268200","Brazil",132.21
"CR268201","Brazil",102.74
"CR268202","Brazil",103.24
"CR268203","Brazil",112.5
"CR268204","Brazil",118.88
"CR268205","Brazil",142.56
"CR268206","Brazil",129.31
"CR268207","Brazil",134.14
"CR268208","Brazil",140.15
"CR268209","Brazil",155.15
"CR268210","Brazil",129.5
"CR268211","Brazil",110.39
"CR268212","Brazil",139
"CR268213","Brazil",144.52
"CR268214","Brazil",154.04
"CR268215","Brazil",156.5
"CR268216","Brazil",123.69
"CR268217","Brazil",107.48
"CR268218","Brazil",128.12
"CR268219","Brazil",144.9
"CR268220","Brazil",129.39
"CR268221","Brazil",92.7
"CR268222","Brazil",163.66
"CR268223","Brazil",337.74
"CR268224","Brazil",268.72
"CR268225","Brazil",282.16
"CR268226","Brazil",411.35
"CR268227","Brazil",621.86
"CR268228","Brazil",588.13
"CR269183","Brazil",387.68
"CR269184","Brazil",501.62
"CR269185","Brazil",550.93
"CR269186","Brazil",590.68
"CR269187","Brazil",559.02
"CR269188","Brazil",570.55
"CR269189","Brazil",555.5
"CR269190","Brazil",418.45
"CR269191","Brazil",265.58
"CR269192","Brazil",193.57
"CR269193","Brazil",129.1
"CR269194","Brazil",135.84
"CR269195","Brazil",131.29
"CR269196","Brazil",146.99
"CR269197","Brazil",150.29
"CR269198","Brazil",147.69
"CR269199","Brazil",147.36
"CR269200","Brazil",148.78
"CR269201","Brazil",126.04
"CR269202","Brazil",144.05
"CR269203","Brazil",126.22
"CR269204","Brazil",119.22
"CR269205","Brazil",134.27
"CR269206","Brazil",130.82
"CR269207","Brazil",159.17
"CR269208","Brazil",155.17
"CR269209","Brazil",129.2
"CR269210","Brazil",130.06
"CR269211","Brazil",139.55
"CR269212","Brazil",129.43
"CR269213","Brazil",153.09
"CR269214","Brazil",146.58
"CR269215","Brazil",141.91
"CR269216","Brazil",83.29
"CR269217","Brazil",110.41
"CR269218","Brazil",132.95
"CR269219","Brazil",164.15
"CR269220","Brazil",168.16
"CR269221","Brazil",156.17
"CR269222","Brazil",139.67
"CR269223","Brazil",283.95
"CR269224","Brazil",284.38
"CR269225","Brazil",298.24
"CR269226","Brazil",408.52
"CR269227","Brazil",536.06
"CR269228","Brazil",645.16
"CR270183","Brazil",62.01
"CR270184","Brazil",276.32
"CR270185","Brazil",275.52
"CR270186","Brazil",343.69
"CR270187","Brazil",298.8
"CR270188","Brazil",441.79
"CR270189","Brazil",591.82
"CR270190","Brazil",280.8
"CR270191","Brazil",188.04
"CR270192","Brazil",173.36
"CR270193","Brazil",125.79
"CR270194","Brazil",137.3
"CR270195","Brazil",126.47
"CR270196","Brazil",153.9
"CR270197","Brazil",148.79
"CR270198","Brazil",147.8
"CR270199","Brazil",147.95
"CR270200","Brazil",146.98
"CR270201","Brazil",149.81
"CR270202","Brazil",151.62
"CR270203","Brazil",150.43
"CR270204","Brazil",154.8
"CR270205","Brazil",143.18
"CR270206","Brazil",145.05
"CR270207","Brazil",149.44
"CR270208","Brazil",146.02
"CR270209","Brazil",129
"CR270210","Brazil",138.38
"CR270211","Brazil",138.86
"CR270212","Brazil",148.25
"CR270213","Brazil",142.64
"CR270214","Brazil",126.75
"CR270215","Brazil",88.03
"CR270216","Brazil",121.35
"CR270217","Brazil",109.41
"CR270218","Brazil",155.36
"CR270219","Brazil",159.31
"CR270220","Brazil",160.38
"CR270221","Brazil",255.29
"CR270222","Brazil",294.39
"CR270223","Brazil",314.94
"CR270224","Brazil",335.48
"CR270225","Brazil",321.13
"CR270226","Brazil",428.69
"CR270227","Brazil",660.34
"CR270228","Brazil",452.7
"CR271183","Brazil",12.71
"CR271184","Brazil",318.98
"CR271185","Brazil",242.97
"CR271186","Brazil",142.6
"CR271187","Brazil",130.24
"CR271188","Brazil",258.35
"CR271189","Brazil",417.99
"CR271190","Brazil",242.1
"CR271191","Brazil",232.9
"CR271192","Brazil",186.86
"CR271193","Brazil",134.92
"CR271194","Brazil",136.87
"CR271195","Brazil",140.82
"CR271196","Brazil",149.86
"CR271197","Brazil",149.14
"CR271198","Brazil",149.86
"CR271199","Brazil",152.29
"CR271200","Brazil",153.54
"CR271201","Brazil",191.46
"CR271202","Brazil",199.81
"CR271203","Brazil",179.03
"CR271204","Brazil",178.09
"CR271205","Brazil",161.32
"CR271206","Brazil",149.15
"CR271207","Brazil",154.5
"CR271208","Brazil",145.14
"CR271209","Brazil",146.93
"CR271210","Brazil",145.41
"CR271211","Brazil",147.05
"CR271212","Brazil",182.62
"CR271213","Brazil",163.24
"CR271214","Brazil",159.22
"CR271215","Brazil",135.63
"CR271216","Brazil",146.57
"CR271217","Brazil",126.44
"CR271218","Brazil",113.88
"CR271219","Brazil",163.9
"CR271220","Brazil",237.21
"CR271221","Brazil",211.58
"CR271222","Brazil",295.91
"CR271223","Brazil",171.97
"CR271224","Brazil",133.68
"CR271225","Brazil",288.83
"CR271226","Brazil",493.7
"CR271227","Brazil",629.73
"CR272185","Brazil",258.17
"CR272186","Brazil",364.22
"CR272187","Brazil",233.07
"CR272188","Brazil",172.65
"CR272189","Brazil",193.11
"CR272190","Brazil",238.39
"CR272191","Brazil",244.05
"CR272192","Brazil",198.47
"CR272193","Brazil",143.39
"CR272194","Brazil",141.97
"CR272195","Brazil",149.26
"CR272196","Brazil",150.25
"CR272197","Brazil",171.68
"CR272198","Brazil",171.82
"CR272199","Brazil",175.67
"CR272200","Brazil",174.2
"CR272201","Brazil",251.72
"CR272202","Brazil",239.89
"CR272203","Brazil",163.14
"CR272204","Brazil",206.81
"CR272205","Brazil",169.72
"CR272206","Brazil",199.8
"CR272207","Brazil",180.54
"CR272208","Brazil",208.79
"CR272209","Brazil",224.88
"CR272210","Brazil",190.01
"CR272211","Brazil",219.45
"CR272212","Brazil",189.3
"CR272213","Brazil",165.54
"CR272214","Brazil",153.75
"CR272215","Brazil",139.99
"CR272216","Brazil",109.85
"CR272217","Brazil",159.14
"CR272218","Brazil",148.75
"CR272219","Brazil",175.84
"CR272220","Brazil",209.93
"CR272221","Brazil",312.48
"CR272222","Brazil",264.77
"CR272223","Brazil",80.9
"CR272224","Brazil",68.5
"CR272225","Brazil",394.88
"CR272226","Brazil",522.46
"CR272227","Brazil",0
"CR273185","Brazil",1.82
"CR273186","Brazil",233.7
"CR273187","Brazil",190.23
"CR273188","Brazil",213.52
"CR273189","Brazil",222.7
"CR273190","Brazil",168.18
"CR273191","Brazil",241.12
"CR273192","Brazil",180.47
"CR273193","Brazil",145.16
"CR273194","Brazil",125.1
"CR273195","Brazil",149.71
"CR273196","Brazil",160.52
"CR273197","Brazil",189.24
"CR273198","Brazil",205.8
"CR273199","Brazil",159.34
"CR273200","Brazil",151.29
"CR273201","Brazil",247.73
"CR273202","Brazil",178.83
"CR273203","Brazil",220.31
"CR273204","Brazil",229.94
"CR273205","Brazil",224.45
"CR273206","Brazil",200.39
"CR273207","Brazil",210.95
"CR273208","Brazil",231.06
"CR273209","Brazil",222.9
"CR273210","Brazil",245.47
"CR273211","Brazil",252.47
"CR273212","Brazil",247.46
"CR273213","Brazil",216.12
"CR273214","Brazil",171.06
"CR273215","Brazil",149.37
"CR273216","Brazil",120.71
"CR273217","Brazil",87.36
"CR273218","Brazil",155.16
"CR273219","Brazil",132.21
"CR273220","Brazil",176.64
"CR273221","Brazil",143.97
"CR273222","Brazil",327.99
"CR273223","Brazil",242.16
"CR273224","Brazil",315.47
"CR273225","Brazil",396
"CR273226","Brazil",554.79
"CR273227","Brazil",122.66
"CR274185","Brazil",67.33
"CR274186","Brazil",159.43
"CR274187","Brazil",155.66
"CR274188","Brazil",192.41
"CR274189","Brazil",233.06
"CR274190","Brazil",193.65
"CR274191","Brazil",228.3
"CR274192","Brazil",173.52
"CR274193","Brazil",116.98
"CR274194","Brazil",109.98
"CR274195","Brazil",150.11
"CR274196","Brazil",113.53
"CR274197","Brazil",136.81
"CR274198","Brazil",194.52
"CR274199","Brazil",136.25
"CR274200","Brazil",92.06
"CR274201","Brazil",141.87
"CR274202","Brazil",118.99
"CR274203","Brazil",218.54
"CR274204","Brazil",195.91
"CR274205","Brazil",192.18
"CR274206","Brazil",206.36
"CR274207","Brazil",239.72
"CR274208","Brazil",237.41
"CR274209","Brazil",228.16
"CR274210","Brazil",224.16
"CR274211","Brazil",236.66
"CR274212","Brazil",215.12
"CR274213","Brazil",148.86
"CR274214","Brazil",105.47
"CR274215","Brazil",107.9
"CR274216","Brazil",150.57
"CR274217","Brazil",209.4
"CR274218","Brazil",345.02
"CR274219","Brazil",267.29
"CR274220","Brazil",313.63
"CR274221","Brazil",328.7
"CR274222","Brazil",364.24
"CR274223","Brazil",391.75
"CR274224","Brazil",386.44
"CR274225","Brazil",544.86
"CR274226","Brazil",537.74
"CR275186","Brazil",142.38
"CR275187","Brazil",135.19
"CR275188","Brazil",178.98
"CR275189","Brazil",222.45
"CR275190","Brazil",209.35
"CR275191","Brazil",295.04
"CR275192","Brazil",317.56
"CR275193","Brazil",284.83
"CR275194","Brazil",86.26
"CR275195","Brazil",113.43
"CR275196","Brazil",93.59
"CR275197","Brazil",83.88
"CR275198","Brazil",135.98
"CR275199","Brazil",79.28
"CR275200","Brazil",73.23
"CR275201","Brazil",107.16
"CR275202","Brazil",132.62
"CR275203","Brazil",165.15
"CR275204","Brazil",142.31
"CR275205","Brazil",116.1
"CR275206","Brazil",127.54
"CR275207","Brazil",159.94
"CR275208","Brazil",206.88
"CR275209","Brazil",215.64
"CR275210","Brazil",157.92
"CR275211","Brazil",138.04
"CR275212","Brazil",138.93
"CR275213","Brazil",138.09
"CR275214","Brazil",143.12
"CR275215","Brazil",150.22
"CR275216","Brazil",206.66
"CR275217","Brazil",357.13
"CR275218","Brazil",365.1
"CR275219","Brazil",384.64
"CR275220","Brazil",400.39
"CR275221","Brazil",390.34
"CR275222","Brazil",373.68
"CR275223","Brazil",425.8
"CR275224","Brazil",428.76
"CR275225","Brazil",551.68
"CR275226","Brazil",577.83
"CR276186","Brazil",156.62
"CR276187","Brazil",197.59
"CR276188","Brazil",326.89
"CR276189","Brazil",232.64
"CR276190","Brazil",105.26
"CR276191","Brazil",88.29
"CR276192","Brazil",158.2
"CR276193","Brazil",212.27
"CR276194","Brazil",79.26
"CR276195","Brazil",59.81
"CR276196","Brazil",62.45
"CR276197","Brazil",89.19
"CR276198","Brazil",81.35
"CR276199","Brazil",69.86
"CR276200","Brazil",67.51
"CR276201","Brazil",74.51
"CR276202","Brazil",82.4
"CR276203","Brazil",122.94
"CR276204","Brazil",171
"CR276205","Brazil",158.33
"CR276206","Brazil",128.21
"CR276207","Brazil",146.03
"CR276208","Brazil",182.54
"CR276209","Brazil",127.08
"CR276210","Brazil",183.51
"CR276211","Brazil",152.95
"CR276212","Brazil",167.39
"CR276213","Brazil",188.33
"CR276214","Brazil",124.14
"CR276215","Brazil",206.46
"CR276216","Brazil",299.15
"CR276217","Brazil",414.35
"CR276218","Brazil",416.94
"CR276219","Brazil",451.68
"CR276220","Brazil",412.89
"CR276221","Brazil",342.73
"CR276222","Brazil",361.92
"CR276223","Brazil",441.87
"CR276224","Brazil",445.66
"CR276225","Brazil",531.02
"CR276226","Brazil",419.06
"CR277186","Brazil",219
"CR277187","Brazil",179.08
"CR277188","Brazil",211.07
"CR277189","Brazil",182.4
"CR277190","Brazil",125.79
"CR277191","Brazil",97.33
"CR277192","Brazil",151.88
"CR277193","Brazil",99.46
"CR277194","Brazil",123.78
"CR277195","Brazil",99.8
"CR277196","Brazil",99.72
"CR277197","Brazil",102.21
"CR277198","Brazil",63.42
"CR277199","Brazil",66.53
"CR277200","Brazil",69.42
"CR277201","Brazil",72.93
"CR277202","Brazil",78.29
"CR277203","Brazil",67.09
"CR277204","Brazil",72.99
"CR277205","Brazil",120.14
"CR277206","Brazil",150.5
"CR277207","Brazil",87.89
"CR277208","Brazil",75.62
"CR277209","Brazil",68.67
"CR277210","Brazil",148.55
"CR277211","Brazil",248.86
"CR277212","Brazil",242.13
"CR277213","Brazil",254.38
"CR277214","Brazil",197.3
"CR277215","Brazil",292.94
"CR277216","Brazil",371.95
"CR277217","Brazil",401.83
"CR277218","Brazil",406.79
"CR277219","Brazil",402.91
"CR277220","Brazil",421.05
"CR277221","Brazil",433.01
"CR277222","Brazil",360.36
"CR277223","Brazil",454.04
"CR277224","Brazil",503.96
"CR277225","Brazil",423.51
"CR277226","Brazil",242.74
"CR278186","Brazil",401.98
"CR278187","Brazil",138.92
"CR278188","Brazil",181.68
"CR278189","Brazil",131.11
"CR278190","Brazil",100.73
"CR278191","Brazil",72.36
"CR278192","Brazil",109.58
"CR278193","Brazil",72.92
"CR278194","Brazil",72.04
"CR278195","Brazil",96.7
"CR278196","Brazil",103.05
"CR278197","Brazil",62.43
"CR278198","Brazil",67.12
"CR278199","Brazil",65.74
"CR278200","Brazil",62.29
"CR278201","Brazil",97.46
"CR278202","Brazil",101.26
"CR278203","Brazil",159.42
"CR278204","Brazil",231.19
"CR278205","Brazil",228.21
"CR278206","Brazil",199.09
"CR278207","Brazil",153.13
"CR278208","Brazil",143.74
"CR278209","Brazil",69.63
"CR278210","Brazil",92.39
"CR278211","Brazil",270.36
"CR278212","Brazil",286.86
"CR278213","Brazil",270.89
"CR278214","Brazil",289.69
"CR278215","Brazil",402.33
"CR278216","Brazil",431.03
"CR278217","Brazil",422.28
"CR278218","Brazil",379.22
"CR278219","Brazil",387.58
"CR278220","Brazil",440.29
"CR278221","Brazil",595.95
"CR278222","Brazil",533.22
"CR278223","Brazil",420.1
"CR278224","Brazil",363.72
"CR278225","Brazil",368.64
"CR279186","Brazil",407.41
"CR279187","Brazil",114.02
"CR279188","Brazil",203.37
"CR279189","Brazil",199.35
"CR279190","Brazil",130.4
"CR279191","Brazil",80.53
"CR279192","Brazil",86.7
"CR279193","Brazil",85.1
"CR279194","Brazil",82.66
"CR279195","Brazil",82.57
"CR279196","Brazil",67.09
"CR279197","Brazil",67
"CR279198","Brazil",66.78
"CR279199","Brazil",67.75
"CR279200","Brazil",57.36
"CR279201","Brazil",79.02
"CR279202","Brazil",94.39
"CR279203","Brazil",231.05
"CR279204","Brazil",393.06
"CR279205","Brazil",262.7
"CR279206","Brazil",201
"CR279207","Brazil",122.31
"CR279208","Brazil",99.39
"CR279209","Brazil",69.19
"CR279210","Brazil",225.52
"CR279211","Brazil",404.6
"CR279212","Brazil",425.47
"CR279213","Brazil",382.92
"CR279214","Brazil",375.96
"CR279215","Brazil",451.37
"CR279216","Brazil",472.79
"CR279217","Brazil",469.93
"CR279218","Brazil",439.73
"CR279219","Brazil",384.16
"CR279220","Brazil",470.28
"CR279221","Brazil",668.34
"CR279222","Brazil",572.77
"CR279223","Brazil",322.86
"CR280186","Brazil",406.82
"CR280187","Brazil",111.16
"CR280188","Brazil",134.45
"CR280189","Brazil",68.1
"CR280190","Brazil",79.39
"CR280191","Brazil",76.45
"CR280192","Brazil",85.87
"CR280193","Brazil",94.08
"CR280194","Brazil",92.34
"CR280195","Brazil",70.38
"CR280196","Brazil",67.15
"CR280197","Brazil",67.09
"CR280198","Brazil",65.79
"CR280199","Brazil",71.11
"CR280200","Brazil",55.27
"CR280201","Brazil",111.28
"CR280202","Brazil",160.98
"CR280203","Brazil",261.53
"CR280204","Brazil",384.37
"CR280205","Brazil",208.27
"CR280206","Brazil",124.24
"CR280207","Brazil",226.1
"CR280208","Brazil",201.76
"CR280209","Brazil",233.53
"CR280210","Brazil",465.93
"CR280211","Brazil",433.31
"CR280212","Brazil",441.06
"CR280213","Brazil",424.4
"CR280214","Brazil",427.92
"CR280215","Brazil",555.07
"CR280216","Brazil",662.3
"CR280217","Brazil",660.82
"CR280218","Brazil",648.41
"CR280219","Brazil",571.19
"CR280220","Brazil",499.17
"CR280221","Brazil",508.62
"CR280222","Brazil",316.2
"CR281186","Brazil",527.16
"CR281187","Brazil",341.53
"CR281188","Brazil",71.56
"CR281189","Brazil",92.53
"CR281190","Brazil",85.02
"CR281191","Brazil",101.99
"CR281192","Brazil",111.41
"CR281193","Brazil",96.86
"CR281194","Brazil",120.72
"CR281195","Brazil",150.19
"CR281196","Brazil",82.57
"CR281197","Brazil",75.52
"CR281198","Brazil",75.29
"CR281199","Brazil",52.11
"CR281200","Brazil",61.09
"CR281201","Brazil",75.49
"CR281202","Brazil",103.07
"CR281203","Brazil",127.46
"CR281204","Brazil",200.54
"CR281205","Brazil",93.89
"CR281206","Brazil",133.76
"CR281207","Brazil",449.2
"CR281208","Brazil",635.98
"CR281209","Brazil",509.88
"CR281210","Brazil",480.78
"CR281211","Brazil",470.17
"CR281212","Brazil",486.11
"CR281213","Brazil",589.58
"CR281214","Brazil",657.47
"CR281215","Brazil",652.89
"CR281216","Brazil",640.78
"CR281217","Brazil",595.86
"CR281218","Brazil",587.64
"CR281219","Brazil",393.67
"CR281220","Brazil",359.85
"CR282187","Brazil",195.61
"CR282188","Brazil",70.95
"CR282189","Brazil",127.88
"CR282190","Brazil",75.65
"CR282191","Brazil",75.32
"CR282192","Brazil",67.09
"CR282193","Brazil",77.09
"CR282194","Brazil",144.53
"CR282195","Brazil",241.58
"CR282196","Brazil",98.74
"CR282197","Brazil",64.65
"CR282198","Brazil",69.76
"CR282199","Brazil",56.71
"CR282200","Brazil",68.24
"CR282201","Brazil",66.35
"CR282202","Brazil",67.09
"CR282203","Brazil",67.09
"CR282204","Brazil",194.81
"CR282205","Brazil",290.82
"CR282206","Brazil",449.73
"CR282207","Brazil",628.45
"CR282208","Brazil",594.03
"CR282209","Brazil",575.17
"CR282210","Brazil",527.94
"CR282211","Brazil",558.85
"CR282212","Brazil",522.77
"CR282213","Brazil",555.16
"CR282214","Brazil",579.02
"CR282215","Brazil",520.37
"CR282216","Brazil",225.26
"CR283187","Brazil",304.2
"CR283188","Brazil",107.53
"CR283189","Brazil",221.08
"CR283190","Brazil",70.31
"CR283191","Brazil",66.91
"CR283192","Brazil",59.3
"CR283193","Brazil",71.58
"CR283194","Brazil",82.19
"CR283195","Brazil",159.48
"CR283196","Brazil",101.46
"CR283197","Brazil",65.04
"CR283198","Brazil",56.7
"CR283199","Brazil",89.39
"CR283200","Brazil",76.89
"CR283201","Brazil",111.76
"CR283202","Brazil",97.5
"CR283203","Brazil",101.41
"CR283204","Brazil",151.93
"CR283205","Brazil",413.86
"CR283206","Brazil",444.55
"CR283207","Brazil",213.69
"CR283208","Brazil",281.06
"CR283209","Brazil",164.39
"CR283212","Brazil",336.27
"CR283213","Brazil",248.77
"CR284188","Brazil",105.37
"CR284189","Brazil",76.83
"CR284190","Brazil",69.85
"CR284191","Brazil",67.04
"CR284192","Brazil",70.36
"CR284193","Brazil",82.72
"CR284194","Brazil",84.86
"CR284195","Brazil",103.6
"CR284196","Brazil",82.45
"CR284197","Brazil",67.21
"CR284198","Brazil",81.73
"CR284199","Brazil",65.21
"CR284200","Brazil",70.15
"CR284201","Brazil",85.97
"CR284202","Brazil",115.47
"CR284203","Brazil",123.36
"CR284204","Brazil",227.16
"CR284205","Brazil",416.08
"CR284206","Brazil",337.8
"CR285189","Brazil",141.96
"CR285190","Brazil",72.87
"CR285191","Brazil",75.79
"CR285192","Brazil",80.22
"CR285193","Brazil",73.7
"CR285194","Brazil",85.28
"CR285195","Brazil",96.19
"CR285196","Brazil",67.8
"CR285197","Brazil",67.09
"CR285198","Brazil",79.99
"CR285199","Brazil",80.18
"CR285200","Brazil",67.32
"CR285201","Brazil",65.94
"CR285202","Brazil",131.91
"CR285203","Brazil",238.17
"CR285204","Brazil",291.6
"CR285205","Brazil",417.29
"CR286190","Brazil",100.33
"CR286191","Brazil",101.59
"CR286192","Brazil",64.72
"CR286193","Brazil",58.58
"CR286194","Brazil",73.03
"CR286195","Brazil",72.48
"CR286196","Brazil",67.09
"CR286197","Brazil",69.15
"CR286198","Brazil",82.01
"CR286199","Brazil",67.28
"CR286200","Brazil",84.88
"CR286201","Brazil",156.64
"CR286202","Brazil",212.6
"CR286203","Brazil",227.26
"CR286204","Brazil",263.37
"CR287190","Brazil",102.35
"CR287191","Brazil",156.38
"CR287192","Brazil",77.1
"CR287193","Brazil",59.72
"CR287194","Brazil",68.5
"CR287195","Brazil",70.92
"CR287196","Brazil",67.03
"CR287197","Brazil",96.95
"CR287198","Brazil",65.54
"CR287199","Brazil",233.63
"CR287200","Brazil",201.12
"CR287201","Brazil",277.71
"CR287202","Brazil",303.6
"CR288191","Brazil",102.43
"CR288192","Brazil",66.02
"CR288193","Brazil",60.18
"CR288194","Brazil",62.53
"CR288195","Brazil",67.09
"CR288196","Brazil",71.23
"CR288197","Brazil",90.69
"CR288198","Brazil",222.38
"CR288199","Brazil",406.15
"CR288200","Brazil",247.07
"CR288201","Brazil",309.66
"CR289191","Brazil",81.94
"CR289192","Brazil",75.78
"CR289193","Brazil",68
"CR289194","Brazil",102.46
"CR289195","Brazil",85.53
"CR289196","Brazil",180.76
"CR289197","Brazil",245.63
"CR289198","Brazil",374.37
"CR289199","Brazil",343.23
"CR289200","Brazil",201.45
"CR290191","Brazil",211.27
"CR290192","Brazil",150.17
"CR290193","Brazil",187.06
"CR290194","Brazil",164.97
"CR290195","Brazil",200.41
"CR290196","Brazil",335.82
"CR290197","Brazil",456.83
"CR290198","Brazil",583.4
"CR290199","Brazil",574.81
"CR291194","Brazil",271.02
"CR291195","Brazil",259.19
"CR291196","Brazil",385.41
"CR291197","Brazil",270.89
